Food Name,weight(in gram),catagory,serving,Veg Non Veg,Calorie,FatContent,Cholestrol,SodiumContent,CarbohydrateContent,FiberContent,ProteinContent,CalciumContent,PhosphorusContent,PotassiumContent
Walnuts,20.00,Breakfast,1.00,Veg,130.00,13.00,0.2,0.00,3.00,1.00,3.00,20.00,0.00,90.00
Dates,70.00,Breakfast,1.00,Veg,200.00,0.00,0.3,0.10,53.00,6.00,2.00,28.00,0.00,466.00
Pistachio,70.00,Breakfast,1.00,Veg,400.00,30.00,0.4,300.00,20.00,10.00,20.00,80.00,0.00,700.00
Hazelnut,56.00,Breakfast,1.00,Veg,388.00,36.00,0.5,0.00,10.00,5.40,8.60,70.00,0.00,428.00
Cucumber ,201.00,Breakfast,1.00,Veg,30.00,0.20,0.00,4.00,7.30,1.00,1.30,3.20,0.00,295.00
Carrot,186.00,Breakfast,1.00,Veg,64.00,0.40,0.00,108.00,114.00,4.20,1.60,42.00,0.00,424.00
Veg salad,163.00,Breakfast,1.00,Veg,114.00,6.80,5.30,375.00,11.00,2.70,3.70,97.00,0.00,334.70
Chatamari,253.00,Lunch,1.00,Veg,550.00,20.00,215.00,203.00,65.00,2.00,23.00,122.00,0.00,315.00
Kauli Aloo,250.00,Lunch,1.00,Veg,490.00,30.00,0.00,50.00,30.00,0.00,0.00,90.00,67.00,760.00
Dam Aloo,110.00,Lunch,1.00,Veg,83.00,3.00,0.00,0.45,13.00,0.00,1.00,0.00,97.00,0.00
Sarson ko saag,142.00,Lunch,1.00,Veg,90.00,3.00,0.00,0.38,6.00,3.00,11.00,0.00,56.00,0.00
Thai Tea,394.00,Breakfast,1.00,Veg,131.00,7.00,0.00,30.00,16.00,0.00,1.90,0.00,0.00,135.00
Lemon Tea,181.00,Breakfast,1.00,Veg,2.20,0.00,0.00,0.60,0.70,0.00,0.30,0.00,0.00,40.20
Tuna ,85.00,Breakfast,3.00,Non Veg,111.00,0.50,40.00,46.00,0.00,0.00,25.00,3.40,0.00,447.90
Fried Tofu,28.00,Breakfast,1.00,Veg,77.00,5.70,0.00,4.50,2.50,1.10,5.30,105.00,0.00,0.00
Red wine,147.00,Lunch,1.00,Veg,125.00,0.00,0.00,5.90,3.80,0.00,0.10,12.00,0.00,186.70
whisky,42.00,Lunch,1.00,Veg,97.00,0.00,0.00,0.40,0.00,0.00,0.00,0.00,0.00,0.80
Rum,42.00,Lunch,1.00,Veg,97.00,0.00,0.00,0.40,0.00,0.00,0.00,0.00,0.00,0.80
Scotch,42.00,Lunch,1.00,Veg,105.00,0.00,0.00,0.00,0.00,0.00,0.00,0.00,0.00,0.40
Vodka,42.00,Lunch,1.00,Veg,97.00,0.00,0.00,0.40,0.00,0.00,0.00,0.00,0.00,0.40
gin,42.00,Lunch,1.00,Veg,97.00,0.00,0.00,0.40,0.00,0.00,0.00,0.00,0.00,0.80
Tequila,42.00,Lunch,1.00,Veg,97.00,0.00,0.00,0.40,0.00,0.00,0.00,0.00,0.00,0.80
Absinthe,40.00,Lunch,1.00,Veg,210.00,14.00,0.00,20.00,20.00,3.00,5.00,0.00,0.00,0.00
Espresso,30.00,Breakfast,1.00,Veg,2.70,0.10,0.00,4.10,0.50,0.00,0.00,0.60,180.00,34.00
Americano,474.00,Breakfast,1.00,Veg,8.90,0.20,0.00,29.00,1.60,0.00,0.10,13.00,0.00,113.50
latte,426.00,Breakfast,1.00,Veg,189.00,7.40,29.00,181.00,19.00,0.00,12.00,441.00,0.00,518.10
Mocha latte,406.00,Breakfast,1.00,Veg,359.00,13.00,48.00,207.00,47.00,1.10,13.00,466.00,0.00,679.90
Cappuccino,288.00,Breakfast,1.00,Veg,120.00,4.60,18.00,116.00,12.00,0.00,7.60,276.00,0.00,388.30
Macchiato,40.00,Breakfast,1.00,Veg,7.90,0.30,0.80,9.50,1.00,0.00,0.40,14.00,0.00,0.00
Mocha,406.00,Breakfast,1.00,Veg,359.00,13.00,48.00,207.00,47.00,1.10,13.00,466.00,0.00,679.70
Sinki Fresh,100.00,Breakfast,1,Veg,159.00,2.50,0.00,0.00,34.00,0.00,14.60,121.00,0.00,443.00
Khalpi,100.00,Breakfast,1,Veg,356.00,2.60,0.00,2.30,70.90,0.00,0.00,2.30,0.00,125.00
Mesu,100.00,Breakfast,1,Veg,352.40,2.60,0.00,2.80,55.60,0.00,27.00,7.90,0.00,282.00
Iced Coffee,237.00,Breakfast,1.00,Veg,0.10,0.00,4.70,0.00,0.00,0.00,0.30,4.70,0.00,116.10
Turkish Coffee,246.00,Breakfast,1.00,Veg,36.00,0.10,0.00,4.90,8.60,0.10,0.30,5.70,0.00,119.00
Vietnamese Coffee,30.00,Breakfast,1.00,Veg,100.00,2.50,8.00,30.00,17.00,0.00,2.00,80.00,0.00,105.00
Cold brew Coffee,237.00,Breakfast,1.00,Veg,2.40,0.10,0.00,4.70,0.00,0.00,0.30,4.70,0.00,116.10
Pork,85.00,Lunch,1.00,Non Veg,202.00,12.00,75.00,48.00,0.00,0.00,22.00,17.00,0.00,289.90
Pork Ribbs,35.00,Breakfast,1.00,Non Veg,126.00,11.00,37.00,32.00,0.00,0.00,7.30,6.70,86.00,92.80
Pork Chop,157.00,Lunch,1.00,Non Veg,328.00,17.00,132.00,86.00,0.00,0.00,40.00,38.00,0.00,540.10
lamb,85.00,Lunch,1.00,Non Veg,250.00,18.00,82.00,61.00,0.00,0.00,21.00,14.00,0.00,263.50
Sausage,68.00,Breakfast,1.00,Non Veg,210.00,19.00,41.00,4.90,34.00,4.40,0.00,0.00,0.00,0.00
Somar,100.00,Breakfast,1.00,Veg,466.00,15.40,0.00,30.00,46.90,3.10,35.00,31.20,0.00,0.00
Chhurpi,251.00,Breakfast,1.00,Veg,409.00,6.10,0.00,4.70,31.60,0.40,65.30,44.10,0.00,0.00
Sidra ,120.00,Lunch,1.00,Non Veg,395.00,12.50,0.00,48.00,38.80,8.90,35.00,38.70,0.00,0.00
Apple,182.00,All,1.00,Veg,95.00,0.30,0.00,32.00,25.00,4.40,0.50,11.00,0.00,194.70
Orange,140.00,All,1.00,Veg,69.00,0.20,0.00,1.40,18.00,3.10,1.30,60.00,45.00,232.40
Grape,49.00,All,1.00,Veg,34.00,0.10,0.00,1.00,8.90,0.40,0.40,4.90,6.00,93.60
Guava,165.00,All ,1.00,Veg,112.00,1.60,0.00,3.30,24.00,8.90,4.20,30.00,44.00,688.10
Peach,175.00,All,1.00,Veg,68.00,0.40,0.00,0.00,17.00,2.60,15.00,11.00,33.00,332.50
pineapple ,83.00,All,1.00,Veg,41.00,0.10,0.00,0.80,11.00,1.20,0.50,11.00,67.00,89.90
papaya,145.00,All,1.00,Veg,62.00,0.40,0.00,12.00,16.00,2.50,0.70,29.00,44.00,263.90
mango,336.00,All,1.00,Veg,202.00,1.30,0.00,3.40,50.00,5.40,2.80,37.00,56.00,564.50
Coconut,85.00,All,1.00,Veg,388.00,24.00,0.00,242.00,44.00,8.40,2.70,9.40,654.00,306.90
Dragon fruit,100.00,All,1.00,Veg,61.00,0.50,0.00,3.00,15.00,3.00,1.10,34.00,66.00,312.00
Avocado,201.00,All,1.00,Veg,322.00,29.00,0.00,14.00,17.00,13.00,4.00,24.00,433.00,974.00
Ghee,13.00,All,1.00,Veg,112.00,13.00,33.00,0.30,0.00,0.00,0.50,0.50,665.00,0.50
Butter,14.00,All,1.00,Veg,102.00,12.00,31.00,91.00,0.00,0.00,0.10,3.40,45.00,3.50
Peanut,1.00,All,1.00,Veg,5.90,0.50,0.00,4.10,0.20,0.10,0.20,0.60,6.30,0.00
Popcorn,28.00,Breakfast,1.00,Veg,120.00,2.70,0.00,153.00,20.00,4.00,3.60,3.10,68.30,0.00
Kaju barfi,19.00,Breakfast,1.00,Veg,92.00,4.50,0.00,1.80,12.00,0.30,1.50,4.80,556.00,56.20
Dry Fruits ,45.00,Breakfast,1.00,Veg,110.00,0.20,0.00,10.00,1.10,3.50,1.10,16.00,44.00,348.50
Berry ,2.00,Breakfast,1.00,Veg,1.00,0.00,0.00,0.00,0.20,0.10,0.00,0.50,3.00,3.00
Tofu Curry ,236.00,Lunch,1.00,Veg,173.00,12.00,0.00,12.00,8.60,2.40,10.00,12.00,3.00,265.50
Dal Roti,47.00,All ,1.00,Veg,116.00,2.40,0.00,103.00,21.00,3.90,4.60,13.00,0.00,158.00
Dal Fry,200.00,All ,1.00,Veg,178.00,7.80,0.00,376.00,21.00,7.60,8.10,40.00,0.00,451.70
Dal Rice ,207.00,Lunch,1.00,Veg,293.00,5.80,12.00,486.00,48.00,9.50,13.00,48.00,0.00,497.70
Dal Curry,258.00,All ,1.00,Veg,235.00,5.70,12.00,609.00,35.00,13.00,14.00,50.00,0.00,795.20
Moong Dal,206.00,Lunch,1.00,Veg,236.00,2.00,0.00,456.00,41.00,16.00,16.00,36.00,0.00,738.00
Palak Dal,185.00,Lunch,1.00,Veg,237.00,8.80,20.00,326.00,29.00,11.00,13.00,52.00,0.00,653.50
Chicken Roti,304.00,Lunch,1.00,Non Veg,447.00,16.00,74.00,351.00,39.00,4.80,36.00,103.00,0.00,556.80
Fulka Roti,68.00,Breakfast,1.00,Veg,202.00,5.10,278.00,32.00,3.30,7.70,63.00,0.00,180.00,180.90
Fried Rice,137.00,Breakfast,1.00,Veg,238.00,4.10,25.00,530.00,45.00,1.50,5.50,16.00,0.00,104.10
White Rice,158.00,Lunch,1.00,Veg,205.00,0.40,0.00,1.60,45.00,0.60,4.30,16.00,0.00,55.30
Baked Chicken,85.00,Lunch,1.00,Non Veg,187.00,11.00,80.00,60.00,0.00,0.00,20.00,11.00,0.00,173.40
Chicken Curry,235.00,Lunch,1.00,Non Veg,243.00,11.00,74.00,73.00,7.50,1.50,28.00,39.00,0.00,373.60
Chicken thigh,130.00,Lunch,1.00,Non Veg,278.00,18.00,166.00,226.00,0.10,0.00,31.00,14.00,0.00,330.20
Chicken Brest ,120.00,Lunch,1.00,Non Veg,198.00,4.30,102.00,89.00,0.00,0.00,37.00,18.00,0.00,307.00
Chicken Wings,27.00,Lunch,1.00,Non Veg,88.00,6.50,22.00,105.00,2.60,0.10,4.50,5.30,0.00,45.90
Fried Chicken,140.00,Lunch,1.00,Non Veg,377.00,21.00,126.00,118.00,4.40,0.10,40.00,24.00,0.00,327.60
Fish Fry,513.00,Lunch,1.00,Non Veg,688.00,26.00,148.00,108.00,71.00,4.90,4.90,188.00,0.00,1468.00
Fish Curry,210.00,Lunch,1.00,Non Veg,307.00,15.00,109.00,745.00,6.10,1.10,36.00,70.00,0.00,711.20
Fish Biryani,205.00,Lunch,1.00,Non Veg,296.00,10.00,50.00,413.00,31.00,1.30,19.00,39.00,0.00,575.80
Grilled Fish,72.00,Lunch,1.00,Non Veg,84.00,1.20,60.00,95.00,0.00,0.00,17.00,45.00,0.00,312.50
Sel Roti,32.00,Breakfast,1.00,Veg,123.00,8.40,14.00,0.40,12.00,0.20,0.60,2.50,0.00,9.00
Gundruk,56.00,All ,1.00,Veg,19.00,0.20,0.00,11.00,2.60,1.80,1.60,78.00,0.00,282.00
Dhido,119.00,All ,1.00,Veg,455.00,5.10,4.80,89.00,89.00,4.20,13.00,17.00,86.00,266.60
Yomari,113.00,Breakfast,1.00,Veg,115.00,7.00,2.00,60.00,22.00,0.10,15.00,70.00,0.00,60.00
Tickling Timur,70.00,Breakfast,1.00,Veg,386.00,24.50,3.00,6.00,38.30,4.90,4.20,39.00,0.00,147.00
Chlieb,101.00,Breakfast,1.00,Veg,210.00,1.00,2.00,5.40,44.00,1.10,6.70,45.00,0.00,515.40
Kombucha,100.00,Breakfast,1.00,Veg,18.00,0.00,14.00,1.60,4.50,1.30,0.00,2.50,0.00,55.30
Kwanti,140.00,Breakfast,1.00,Veg,140.00,6.00,0.00,32.00,26.40,0.00,7.20,78.00,0.00,228.50
Infuso,35.00,Breakfast,1.00,Veg,20.00,0.10,4.80,0.00,0.00,0.20,0.10,17.00,0.00,45.00
Lychee Sweets,2.50,Breakfast,1.00,Veg,10.00,0.00,0.00,0.00,2.50,1.80,0.00,4.00,0.00,67.00
Nepal Tierno,100.00,Breakfast,1.00,Veg,31.00,0.30,0.00,23.00,5.60,4.20,1.70,2.00,0.00,34.00
hard boiled egg,44.00,All,1.00,nonVeg,60.00,4.00,165.00,60.00,0.00,0.00,6.00,30.00,0.00,60.00
boiled cabbage,75.00,Breakfast,1.00,Veg,17.00,0.10,0.00,6.00,4.10,1.40,1.00,36.00,0.00,147.00
boiled potato,136.00,All,1.00,Veg,118.00,0.10,0.00,5.40,27.00,2.40,2.50,6.80,0.00,515.40
boiled rice,158.00,Lunch,1.00,Veg,205.00,0.40,0.00,1.60,45.00,0.60,4.30,16.00,0.00,55.30
Boiled Broccoli,78.00,Breakfast,1.00,Veg,27.00,0.30,0.00,32.00,5.60,2.60,1.90,31.00,0.00,228.50
chicken breast,112.00,Lunch,1.00,nonVeg,120.00,2.00,45.00,210.00,0.00,0.00,13.00,24.00,0.00,76.00
boiled chicken breast,100.00,Lunch,1.00,nonVeg,142.00,3.10,73.00,64.00,0.00,0.00,27.00,13.00,86.00,220.20
bacon,100.00,Lunch,1.00,nonVeg,483.00,36.00,102.00,1743.00,0.60,0.00,36.00,11.40,0.00,516.60
Tandoori chicken thighs,112.00,Lunch,1.00,nonVeg,150.00,6.00,85.00,760.00,4.00,1.00,19.00,10.00,0.00,230.00
chicken tikka masala,140.00,Lunch,1.00,nonVeg,180.00,8.00,75.00,490.00,7.00,1.00,21.00,36.00,0.00,456.00
lamb rogan josh,143.00,Lunch,1.00,noonVeg,280.00,17.00,70.00,320.00,8.00,2.00,23.00,11.20,0.00,420.00
Paneer roganjosh,142.00,Lunch,1.00,Veg,220.00,17.00,25.00,590.00,9.00,2.00,7.00,140.00,0.00,30.00
tofu,100.00,Lunch,1.00,Veg,76.00,4.80,0.00,3.60,1.10,0.90,9.10,257.00,0.00,118.30
soya chunks,20.00,Lunch,5.00,Veg,65.00,0.00,0.00,10.00,6.00,4.00,10.00,32.50,0.00,56.00
Black Tea,178.00,Breakfast,6.00,Veg,1.80,0.00,0.00,0.00,0.50,0.00,0.00,0.00,0.00,56.00
Milk Tea,304.00,Breakfast,1.00,Veg,92.00,4.00,12.00,52.00,11.00,0.00,3.80,138.00,0.00,198.00
Ice Tea,237.00,Breakfast,1.00,Veg,2.40,0.00,0.00,7.10,0.80,0.00,0.00,0.00,0.00,87.70
Mint Tea,237.00,Breakfast,1.00,Veg,2.40,0.00,0.00,2.40,0.50,0.00,0.00,4.70,21.00,21.30
Chai Tea,238.00,Breakfast,1.00,Veg,4.90,0.10,0.00,0.80,0.00,0.30,0.10,5.90,0.00,57.70
Green Tea,245.00,Breakfast,1.00,Veg,2.50,0.00,0.00,2.50,0.00,0.00,0.50,0.00,0.00,19.60
Kadai Paneer,215.00,Lunch,1.00,Veg,325.00,25.50,0.00,15.60,12.70,2.60,11.10,402.10,70.00,87.00
Rava idili,40.00,Breakfast,1.00,Veg,70.00,1.00,0.00,110.00,13.00,1.00,2.00,0.00,0.00,0.00
sweet potato,114.00,Breakfast,1.00,Veg,103.00,0.20,0.00,41.00,24.00,3.80,2.30,43.00,0.00,541.50
dal pakwan,100.00,Breakfast,1.00,Veg,162.00,8.80,11.30,0.00,16.80,3.00,4.10,20.90,0.00,0.00
punjabi samosa,40.00,Breakfast,1.00,Veg,95.00,4.00,0.00,175.00,12.00,0.50,1.50,9.00,0.00,66.00
vada pao,127.00,Breakfast,1.00,Veg,263.00,9.50,18.00,209.00,37.00,3.80,7.50,36.00,0.00,357.80
papdi chaat,129.00,Breakfast,1.00,Veg,242.00,10.00,2.30,468.00,32.00,2.20,6.80,86.00,0.00,306.80
dahi puri,37.00,Breakfast,1.00,Veg,62.00,2.20,0.00,0.00,8.80,1.40,1.80,0.00,0.00,0.00
sev puri,53.00,Breakfast,1.00,Veg,94.00,5.10,0.00,215.00,11.00,1.60,1.90,15.00,0.00,142.00
sweet corn chaat,100.00,Breakfast,1.00,Veg,82.00,1.10,0.00,0.00,17.90,2.20,2.60,0.00,0.00,0.00
aloo palak paratha,100.00,Breakfast,1.00,Veg,330.00,12.00,0.00,690.00,47.00,5.00,8.00,78.00,0.00,263.00
udupi,88.00,Breakfast,1.00,Veg,180.00,4.50,0.00,460.00,31.00,3.00,4.00,60.00,0.00,100.00
paneer pakoda,100.00,Breakfast,1.00,Veg,230.00,18.00,21.00,290.00,11.00,1.00,7.00,10.00,0.00,0.00
apple oatmeal,160.00,Breakfast,1.00,Veg,157.00,2.00,0.00,196.00,33.00,3.60,3.70,106.00,0.00,140.60
chana sundal,50.00,Breakfast,1.00,Veg,92.00,2.70,0.00,4.90,14.50,0.50,4.10,20.00,0.00,84.40
aloo pakoda,80.00,Breakfast,1.00,Veg,100.00,1.30,0.00,115.00,17.50,2.50,4.40,13.50,0.00,290.00
chole Bhature,281.00,Breakfast,1.00,Veg,511.00,27.00,5.70,507.00,59.00,11.00,13.00,122.00,0.00,526.30
masala peanut,94.00,Breakfast,1.00,Veg,512.00,42.00,0.00,316.00,24.00,7.20,20.00,72.00,0.00,574.10
moong dal salad,206.00,Breakfast,1.00,Veg,236.00,2.00,0.00,465.00,41.00,16.00,16.00,36.00,0.00,738.00
bhel puri,93.00,Breakfast,1.00,Veg,188.00,8.20,0.00,412.00,22.00,2.80,6.90,25.00,0.00,275.00
oats chilla,129.00,Breakfast,1.00,Veg,280.00,0.00,0.00,22.40,31.60,6.40,8.00,12.00,0.00,257.20
oats poridge,235.00,Breakfast,1.00,Veg,214.00,5.80,17.00,109.00,30.00,2.90,11.00,279.00,45.00,438.00
coconut milk,113.00,Breakfast,1.00,Veg,223.50,25.00,0.00,14.50,3.20,0.00,2.30,20.50,56.00,248.60
toasted cheese sandwich,106.00,Breakfast,1.00,Veg,366.00,23.00,63.00,866.00,28.00,1.40,12.00,647.00,0.00,185.30
masala puri,283.00,Breakfast,1.00,Veg,388.00,21.00,0.00,204.00,42.00,12.00,11.00,89.00,0.00,711.90
poha,139.00,Breakfast,1.00,Veg,158.00,0.20,0.00,4.20,35.00,0.00,2.90,4.20,0.00,33.40
dried suran,100.00,Breakfast,1.00,Veg,271.00,1.80,0.00,0.00,86.00,18.00,5.60,0.00,0.00,0.00
smoothie,202.00,Breakfast,1.00,Veg,161.00,1.70,5.00,59.00,34.00,2.80,5.50,161.00,0.00,544.00
mango smoothie,202.00,Breakfast,1.00,Veg,120.00,2.10,7.00,54.00,22.00,1.60,4.50,144.00,0.00,336.00
batata vada,50.00,Breakfast,1.00,Veg,112.00,6.00,0.00,211.00,13.00,0.90,1.70,8.00,45.00,138.00
mango lassi,236.00,Breakfast,1.00,Veg,186.00,4.50,16.00,60.00,34.00,1.60,5.20,165.00,36.00,361.00
dhokla,58.00,Breakfast,1.00,Veg,152.00,7.40,"3,3",310.00,16.00,2.50,5.70,42.00,677.00,240.50
dahi vada,71.00,Breakfast,1.00,Veg,89.00,5.00,4.10,144.00,7.80,2.40,3.80,48.00,5.00,182.60
methi thepla,28.00,Breakfast,1.00,Veg,128.00,7.10,0.80,171.00,14.00,1.90,2.80,18.00,467.00,114.60
sabudana khichdi,184.00,Breakfast,1.00,Veg,262.00,11.00,0.00,256.00,38.00,2.60,4.50,27.00,54.00,403.10
butter dosa,108.00,Breakfast,1.00,Veg,239.00,12.00,31.00,184.00,29.00,0.90,4.00,9.10,56.00,79.00
jeera aloo,143.00,Breakfast,1.00,Veg,172.00,5.60,0.00,315.00,28.00,3.20,3.50,27.00,43.00,726.80
saag aloo,195.00,Breakfast,1.00,Veg,160.00,6.70,0.00,80.00,23.00,4.30,4.90,111.00,0.00,968.10
tandoori aloo,121.00,Breakfast,1.00,Veg,229.00,17.00,17.00,85.00,18.00,2.40,3.50,69.00,456.00,444.90
aloo naan,131.00,Breakfast,1.00,Veg,300.00,11.00,0.80,370.00,46.00,8.70,6.10,28.00,44.00,315.90
aloo pie,227.00,Breakfast,1.00,Veg,434.00,11.00,0.00,291.00,74.00,5.10,9.50,35.00,567.00,933.50
aloo papri,129.00,Breakfast,1.00,Veg,242.00,10.00,2.30,468.00,32.00,2.20,6.80,86.00,76.00,306.90
aloo sabzi,160.00,Breakfast,1.00,Veg,141.00,2.70,0.00,217.00,27.00,3.80,3.50,32.00,554.00,643.30
fafda,100.00,Breakfast,1.00,Veg,303.00,24.00,0.00,413.00,19.00,3.00,6.00,17.00,56.00,238.00
fafda ganthia,40.00,Breakfast,1.00,Veg,275.00,21.20,0.00,470.70,15.10,2.00,6.00,20.00,0.00,0.00
aloo kulcha,40.00,Breakfast,1.00,Veg,180.00,4.00,5.00,410.00,31.00,0.50,4.00,60.00,0.00,0.00
chicken darjeeling momo,100.00,Breakfast,1.00,nonVeg,206.00,12.40,0.00,0.00,18.60,0.00,10.00,0.00,0.00,0.00
corn cheese momo,100.00,Breakfast,1.00,Veg,206.00,8.80,5.30,522.60,23.80,0.00,7.90,0.00,0.00,0.00
chicken cheese momo,100.00,Breakfast,1.00,nonVeg,236.00,12.60,16.80,0.00,17.00,0.00,13.70,0.00,0.00,0.00
nepalese Vegetable momo,100.00,Breakfast,1.00,Veg,208.00,7.20,0.00,0.60,29.00,1.80,7.60,0.00,0.00,0.00
Vegan lentil momo,285.00,Breakfast,1.00,Veg,530.00,10.10,0.00,609.00,84.90,0.00,21.90,0.00,0.00,0.00
tofu Vegetable momo,100.00,Breakfast,1.00,Veg,184.00,3.20,0.00,0.00,31.50,0.00,6.00,0.00,0.00,0.00
chicken steamed momo,100.00,Breakfast,1.00,nonVeg,226.00,12.50,0.00,0.00,19.00,0.00,10.00,0.00,0.00,0.00
pork momo,100.00,Breakfast,1.00,nonVeg,204.00,8.20,0.00,0.80,25.80,0.00,6.30,0.00,0.00,0.00
gobi manchurian,100.00,Breakfast,1.00,Veg,173.00,11.50,0.00,478.00,16.20,1.90,2.30,21.00,0.00,150.20
chicken manchurian,161.00,Breakfast,1.00,nonVeg,230.00,8.00,115.00,1790.00,19.00,0.00,21.00,0.00,0.00,0.00
Vegetable manchurian,141.00,Breakfast,1.00,Veg,200.00,11.00,0.00,1140.00,19.00,3.00,6.00,52.00,0.00,0.00
misal pav,225.90,Breakfast,1.00,Veg,263.00,7.40,0.00,293.00,50.00,8.40,10.10,11.00,0.00,615.70
misal tarri,55.00,Breakfast,1.00,Veg,256.00,16.40,0.00,0.00,21.00,0.00,6.10,0.00,0.00,0.00
suhana cuppa misal,71.00,Breakfast,1.00,Veg,248.00,15.00,0.00,1297.00,39.00,0.00,8.30,0.00,0.00,0.00
kanha pav,100.00,Breakfast,1.00,Veg,279.00,2.60,0.00,379.00,56.40,1.80,7.20,0.00,0.00,0.00
pav bhaji,100.00,Breakfast,1.00,Veg,297.00,21.00,0.00,0.00,21.00,0.00,6.00,0.00,0.00,0.00
misal masala,100.00,Breakfast,1.00,Veg,397.00,11.40,0.00,418.00,106.00,47.00,14.60,75.00,0.00,0.00
sandwich,100.00,Breakfast,1.00,Veg,302.00,11.00,23.00,711.00,29.00,7.00,23.00,0.00,0.00,0.00
turkey sandwich,100.00,Breakfast,1.00,Veg,300.00,7.00,40.00,810.00,35.00,2.00,20.00,60.00,0.00,0.00
tomato sandwich,100.00,Breakfast,1.00,Veg,170.00,2.30,0.00,300.00,39.00,2.20,3.20,0.00,0.00,106.00
egg & cheese sandwich,100.00,Breakfast,1.00,nonVeg,170.00,8.00,92.00,470.00,15.00,8.00,11.00,0.00,0.00,0.00
paneer sandwich,247.00,Breakfast,1.00,Veg,476.00,27.50,42.10,1502.00,45.30,4.40,17.60,46.00,98.00,404.80
bataka poha,200.00,Breakfast,1.00,Veg,335.00,6.00,0.00,500.00,68.00,3.00,5.00,0.00,0.00,446.00
poha upma,163.40,Breakfast,1.00,Veg,219.00,6.90,0.00,110.40,37.30,1.90,4.00,16.00,0.00,253.00
rice poha,100.00,Breakfast,1.00,Veg,180.00,1.00,0.00,5.00,38.00,2.00,4.00,0.00,0.00,0.00
sel roti,40.00,Breakfast,1.00,Veg,155.00,19.00,0.00,2.00,37.00,1.00,2.00,0.00,0.00,0.00
bara,150.00,Breakfast,1.00,Veg,499.00,24.30,0.00,0.00,59.10,13.50,13.80,0.00,0.00,0.00
puri tarkari,200.00,Breakfast,1.00,Veg,608.00,23.20,0.00,1189.60,91.70,10.20,12.40,12.00,345.00,1184.40
masala bhat,250.00,Breakfast,1.00,Veg,381.00,24.60,0.00,43.50,33.90,6.30,7.80,4.50,0.00,288.90
metkut bhat,200.00,Breakfast,1.00,Veg,242.00,1.00,0.00,15.30,45.00,0.00,14.00,84.00,0.00,0.00
suji halwa,100.00,Breakfast,1.00,Veg,261.00,10.90,25.60,42.80,38.70,0.80,4.00,44.00,0.00,126.90
aloo roti,130.00,Breakfast,1.00,Veg,300.00,10.60,0.80,369.60,54.20,9.70,6.10,10.00,0.00,315.80
dhau,100.00,Breakfast,1.00,Veg,100.00,1.00,1.00,5.00,1.00,0.00,50.00,0.00,0.00,26.00
lakhamari,100.00,Breakfast,1.00,Veg,542.00,33.50,0.00,63.20,54.00,0.00,5.70,0.00,0.00,119.00
Almond ,1.00,Breakfast,1.00,Veg,7.70,0.70,0.00,6.40,0.30,0.10,0.30,3.50,5.00,9.30
Chocolate,7.00,Breakfast,1.00,Veg,37.00,2.10,1.60,5.50,4.20,0.20,0.50,13.00,43.00,26.00
boiled shrimp,5.00,Lunch,1.00,nonVeg,6.00,0.10,11.00,47.00,0.10,0.00,1.10,4.60,3.00,8.50
Moong Dal Halwa,150.00,Breakfast,1.00,Veg,212.00,9.10,2.90,6.80,27.70,1.00,3.90,47.10,74.60,161.80
Badam Halwa,211.00,Breakfast,1.00,Veg,282.00,20.20,3.00,3.80,20.50,0.30,3.50,68.70,89.60,127.90
Atta ko Malpuwa,134.00,Breakfast,1.00,Veg,144.00,10.20,0.00,1.70,12.50,1.10,1.00,4.20,30.80,27.30
Gulab Jamun,45.00,Breakfast,1.00,Veg,125.00,2.80,0.00,0.10,22.60,0.00,2.30,101.80,48.90,1.30
Rasgulla Mithai,45.00,Breakfast,1.00,Veg,106.00,3.30,5.00,28.80,14.80,3.30,2.40,105.10,69.00,79.50
Rasmalai,110.00,Breakfast,1.00,Veg,331.00,13.10,32.20,38.40,33.60,0.10,8.70,426.30,262.40,193.50
Chhena,150.00,Breakfast,1.00,Veg,719.00,39.30,96.00,114.00,33.30,0.50,26.10,1281.00,783.00,621.00
sandesh,36.00,Breakfast,1.00,Veg,114.00,6.60,16.10,19.20,9.00,0.10,4.50,213.50,133.90,94.50
kalakand,56.00,Breakfast,1.00,Veg,121.00,7.90,0.00,3.50,8.80,0.00,3.80,137.70,90.00,9.80
chum chum,43.00,Breakfast,1.00,Veg,255.00,8.40,10.40,12.40,35.70,0.10,5.40,233.40,144.80,92.90
Modak,43.00,Breakfast,1.00,Veg,126.00,4.40,0.00,1.90,20.10,1.60,1.20,9.40,39.10,43.70
Motichoor Ko ladoo,56.00,Breakfast,1.00,Veg,204.00,9.90,1.80,12.20,24.50,2.20,3.60,39.40,65.10,119.30
Kala Jamun,78.00,Breakfast,1.00,Veg,210.00,6.60,0.00,0.20,33.80,0.00,3.40,152.70,73.30,1.90
Pav Bhaji,167.00,Breakfast,1.00,Veg,400.00,14.50,42.00,170.50,57.90,4.50,9.40,70.20,156.80,255.90
Paneer Tikka,95.00,Lunch,1.00,Veg,132.00,1.60,0.00,46.70,24.00,3.70,6.20,137.90,119.50,124.70
Vegetable Biryani,245.00,Lunch,1.00,Veg,448.00,18.20,4.00,26.30,60.80,5.70,8.90,155.30,268.80,238.20
Paneer Mutter Biryani,96.00,Lunch,1.00,Veg,153.00,1.00,0.00,19.50,31.20,2.50,4.50,76.40,122.70,168.10
Moong Dal Methi Sabzi,50.00,Lunch,1.00,Veg,71.00,2.10,0.00,18.60,9.30,2.80,3.80,37.30,51.50,146.80
Rajma and Urad Dal,95.00,Lunch,1.00,Veg,126.00,2.50,0.00,15.70,19.10,3.70,6.70,63.60,114.20,318.40
Spinach Raita,150.00,Lunch,1.00,Veg,32.00,0.20,0.00,50.00,4.40,0.50,3.10,133.60,23.80,43.80
Palak Paneer,125.00,Lunch,1.00,Veg,31.00,2.30,0.00,24.30,1.70,1.10,0.90,43.50,10.30,93.30
Tandoori Paneer Tikka,75.00,Lunch,1.00,Veg,105.00,7.30,2.00,5.80,5.00,0.70,4.20,125.50,86.80,45.50
Bhindi Masala,40.00,Lunch,1.00,Veg,83.00,1.40,0.00,15.70,14.20,3.60,3.60,73.20,77.30,188.80
Spicy Broccoli Subzi,45.00,Lunch,1.00,Veg,45.00,0.30,0.00,11.60,8.00,1.60,3.30,54.10,67.60,196.20
Bharwa Lauki,150.00,Lunch,1.00,Veg,63.00,2.80,0.00,22.50,7.60,3.30,1.70,91.30,35.00,209.80
Dahi Chana ko Subzi,130.00,Lunch,1.00,Veg,149.00,6.60,8.00,39.20,13.00,2.60,6.70,128.90,104.40,232.10
Multigrain Roti,50.00,Lunch,1.00,Veg,104.00,3.30,0.00,6.20,16.20,2.80,2.70,35.80,70.30,97.10
Methi Oats Roti,40.00,Lunch,1.00,Veg,98.00,1.50,0.00,6.20,18.00,3.20,3.20,21.60,88.90,83.60
Oats roti,45.00,Lunch,1.00,Veg,88.00,3.50,0.00,3.10,12.30,2.00,2.30,10.80,62.40,62.50
Methi Paneer Paratha,35.00,Lunch,1.00,Veg,103.00,1.80,0.00,17.10,18.90,3.30,3.80,54.10,91.80,78.30
Besan Paratha,80.00,Lunch,1.00,Veg,272.00,16.40,0.00,17.10,25.80,5.30,6.20,24.20,133.60,190.80
Sprouts Pulao,160.00,Lunch,1.00,Veg,187.00,2.30,0.00,8.40,34.60,3.30,6.70,51.50,138.20,304.80
Soya Chunks Pulao,135.00,Lunch,1.00,Veg,169.00,2.70,0.00,4.70,30.80,3.00,5.10,35.50,138.10,208.70
Barley(Jau) khichidi,140.00,Lunch,1.00,Veg,110.00,3.00,0.00,9.60,17.70,2.50,3.50,38.50,77.40,244.00
Masoor Biryani,275.00,Lunch,1.00,Veg,298.00,4.00,0.00,11.40,53.70,5.20,11.60,64.60,216.80,461.70
Jowar Til Nimki,5.00,Breakfast,1.00,Veg,11.00,0.30,0.00,0.40,1.80,0.30,0.30,3.00,8.40,6.60
Moong Dal ko Chaat,131.00,Breakfast,1.00,Veg,100.00,0.40,0.00,10.80,18.80,3.30,5.50,43.80,78.60,320.40
Paneer Pulao,202.00,Lunch,1.00,Veg,276.00,11.20,4.40,17.70,35.50,1.90,7.90,193.60,174.90,60.50
Dal Moghlai,120.00,Lunch,1.00,Veg,130.00,2.60,0.00,16.50,19.80,4.60,6.70,45.50,104.20,376.60
Tava Pulao,240.00,Lunch,1.00,Veg,240.00,7.60,22.50,85.50,37.10,3.40,5.50,34.00,118.40,201.40
Gajar ko Halwa,300.00,Breakfast,1.00,Veg,386.00,21.70,0.00,31.30,41.80,3.90,5.60,299.80,567.20,95.00
Aloo Fry,120.00,Breakfast,1.00,Veg,150.00,10.10,0.00,7.90,14.00,1.10,1.00,9.80,26.00,156.60
Nawabi Curry,230.00,Lunch,1.00,Veg,231.00,17.50,0.00,45.00,13.10,4.10,4.80,144.70,78.00,90.00
Aloo Kovi ko Subzi,180.00,Lunch,1.00,Veg,208.00,11.30,0.00,39.90,23.70,3.70,3.00,27.80,69.60,311.20
Bread Kofta curry,319.00,Lunch,1.00,Veg,358.00,21.10,4.20,19.90,34.70,4.20,7.10,105.90,107.50,245.80
Chole Bhature,250.00,Breakfast,1.00,Veg,427.00,20.10,1.50,16.20,50.30,12.00,10.80,118.00,186.60,453.60
Baigan Bharta ,100.00,Lunch,1.00,Veg,112.00,9.20,0.00,7.10,6.10,2.50,1.10,39.00,36.80,151.90
Broccoli Paratha,45.00,Lunch,1.00,Veg,84.00,5.20,0.00,2.80,8.10,1.30,1.50,10.70,44.30,50.80
Tomato Soup,220.00,Breakfast,1.00,Veg,90.00,2.70,7.50,38.60,12.50,2.40,3.90,50.70,20.90,268.90
Broccoli Soup,300.00,Breakfast,1.00,Veg,94.00,5.90,8.00,13.40,7.30,0.60,3.40,143.40,105.70,156.30
Spinach Soup,80.00,Breakfast,1.00,Veg,91.00,5.70,15.30,66.70,5.30,1.20,2.60,120.40,60.90,140.30
"Chick Pea, Broccoli and Carrot Stir Fry",200.00,Breakfast,1.00,Veg,187.00,4.80,0.00,82.90,29.40,12.10,6.80,148.10,471.80,415.10
Broccoli and Baby Corn Stir Fry,90.00,Breakfast,1.00,Veg,115.00,8.50,0.00,3.00,8.50,2.00,1.80,22.60,41.60,103.30
Moong Daal ko Pani,250.00,Breakfast,1.00,Veg,97.00,0.30,0.00,7.60,16.80,2.30,6.90,21.00,1.30,322.00
Cheese Broccoli Tikki,40.00,Lunch,1.00,Veg,63.00,4.40,4.50,58.60,4.30,0.40,1.70,48.50,40.90,63.50
Dry Fry,210.00,Breakfast,1.00,Veg,245.00,7.00,0.00,8.80,32.60,7.00,13.10,52.70,172.30,401.40
Malai Kulfi,280.00,Breakfast,1.00,Veg,206.00,9.00,13.30,49.70,20.40,0.00,6.90,295.00,142.00,173.00
Chocolate cake,90.00,Breakfast,1.00,Veg,283.00,15.00,37.40,282.00,32.00,0.60,5.40,109.00,161.00,167.00
Black Forest Cake,150.00,Breakfast,1.00,Non Veg,441.00,33.30,9.30,65.00,42.00,0.50,5.50,44.00,161.00,355.00
Cabbage Pulao,200.00,Lunch,1.00,Veg,218.00,9.00,0.00,19.50,28.20,4.90,6.60,42.50,177.70,277.10
Eggless Vanilla cake ,80.00,Breakfast,1.00,Veg,269.00,12.20,13.80,185.00,36.10,0.10,3.60,7.50,40.40,43.70
Dalia kheer,250.00,Breakfast,1.00,Veg,297.00,14.60,12.80,16.10,35.00,0.40,6.10,188.00,182.70,119.20
Baked Poha,55.00,Breakfast,1.00,Veg,187.00,7.50,4.00,8.80,25.50,0.30,3.00,63.00,90.00,77.00
Broken wheat Upma,150.00,Lunch,1.00,Veg,111.00,2.90,0.00,5.80,18.80,2.90,2.60,25.00,128.00,90.00
French Bean and Chana Dal Stir Fry,90.00,Breakfast,1.00,Veg,70.00,2.90,0.00,8.20,8.30,2.50,2.80,52.00,47.50,158.10
Methi Thepla,26.00,Lunch,1.00,Veg,76.00,4.00,0.20,3.10,8.90,1.50,1.50,11.10,44.00,38.70
Masala Karela ,61.00,Lunch,1.00,Veg,69.00,2.90,0.00,10.80,8.50,3.40,2.30,33.40,70.70,172.00
Watermelon and Wheat Grass Juice,250.00,Breakfast,1.00,Veg,55.00,0.50,0.00,141.40,11.80,1.90,0.80,57.20,34.80,514.50
Papaya Pineapple Juice,175.00,Breakfast,1.00,Veg,83.00,0.20,0.00,37.50,19.00,3.40,1.20,40.40,25.70,127.30
Strawberry Pineapple Juice,160.00,Breakfast,1.00,Veg,77.00,0.30,0.00,29.90,17.50,4.30,0.90,42.80,33.70,164.60
Tulsi Tea,28.00,Breakfast,1.00,Veg,10.00,0.10,0.00,0.30,1.80,0.30,0.20,11.20,1.60,43.20
Sukhi Bhindi,200.00,Lunch,1.00,Veg,213.00,20.20,0.00,7.90,6.10,20.20,1.60,59.00,45.00,114.00
Gobi Paratha,95.00,Lunch,1.00,Veg,182.00,7.40,0.00,16.80,25.60,4.70,4.60,28.00,131.00,143.00
Aloo Paratha,85.00,Lunch,1.00,Veg,222.00,13.50,0.00,7.50,22.70,3.40,3.40,17.30,97.60,132.00
Bread Pakora,120.00,Breakfast,1.00,Veg,257.00,5.00,0.00,33.90,42.00,7.70,11.30,31.20,161.40,362.00
Jeera Rice ,240.00,Lunch,1.00,Veg,246.00,6.80,0.00,0.20,42.40,2.20,3.70,7.10,0.00,4.80
Sev Puri,36.00,Lunch,1.00,Veg,71.00,9.50,0.00,4.90,18.30,0.70,2.50,17.50,18.70,95.50
Rajma Chawal,500.00,Lunch,1.00,Veg,450.00,17.50,0.00,15.60,55.00,89.00,22.50,56.00,78.00,89.00
Butter Chicken,276.00,Lunch,1.00,Non Veg,350.00,17.50,2.90,6.80,12.50,2.60,22.50,402.10,70.00,87.00
Dosa,70.00,Lunch,1.00,Veg,125.00,3.50,3.00,3.80,22.50,1.00,3.50,47.10,74.60,161.80
Paneer Tikka,63.00,Lunch,1.00,Veg,175.00,12.50,0.00,1.70,3.50,0.30,12.50,68.70,89.60,127.90
Samosa,63.00,Breakfast,1.00,Veg,175.00,12.50,0.00,0.10,17.50,1.10,7.50,4.20,30.80,27.30
Chole Bhature,250.00,Breakfast,1.00,Veg,450.00,17.50,5.00,28.80,55.00,0.00,12.50,101.80,48.90,1.30
Pani Puri,175.00,Breakfast,1.00,Veg,175.00,7.50,32.20,38.40,35.00,3.30,3.50,105.10,69.00,79.50
Idli,100.00,Lunch,1.00,Veg,125.00,3.50,96.00,114.00,22.50,0.10,7.50,426.30,262.40,193.50
Chicken Tikka,115.00,Lunch,1.00,Non Veg,175.00,7.50,16.10,19.20,3.50,0.50,22.50,1281.00,783.00,621.00
Gulab Jamun,67.00,Breakfast,1.00,Veg,225.00,12.50,0.00,3.50,35.00,0.10,7.50,213.50,133.90,94.50
Prawn Curry,210.00,Lunch,1.00,Non Veg,225.00,12.50,10.40,12.40,7.50,0.00,17.50,137.70,90.00,9.80
Masala Dosa,143.00,Lunch,1.00,Veg,225.00,7.50,16.00,120.80,45.00,0.10,7.50,233.40,144.80,92.90
Chicken Biryani,335.00,Lunch,1.00,Non Veg,450.00,17.50,0.00,1.90,55.00,0.40,22.50,442.50,0.00,398.00
Pav Bhaji,330.00,Breakfast,1.00,Veg,350.00,12.50,1.80,12.20,55.00,1.60,12.50,9.40,39.10,43.70
Malai Kofta,150.00,Breakfast,1.00,Veg,225.00,12.50,0.00,0.20,22.50,2.20,7.50,39.40,65.10,119.30
Rasgulla,70.00,Breakfast,1.00,Veg,125.00,3.50,42.00,170.50,22.50,0.00,3.50,152.70,73.30,1.90
Tandoori Roti,40.00,Lunch,1.00,Veg,125.00,3.50,0.00,46.70,22.50,4.50,3.50,70.20,156.80,255.90
Chicken Curry,330.00,Lunch,1.00,Non Veg,350.00,17.50,4.00,26.30,12.50,3.70,22.50,137.90,119.50,124.70
Masala Papad,55.00,Lunch,1.00,Veg,60.00,3.50,0.00,19.50,7.50,5.70,3.50,155.30,268.80,238.20
Aloo Paratha,176.00,Lunch,1.00,Veg,225.00,12.50,0.00,18.60,35.00,2.50,7.50,76.40,122.70,168.10
Vegetable Biryani,300.00,Lunch,1.00,Veg,350.00,12.50,0.00,15.70,45.00,2.80,12.50,37.30,51.50,146.80
Prawn Fry,140.00,Breakfast,1.00,Non Veg,225.00,12.50,0.00,50.00,7.50,3.70,17.50,63.60,114.20,318.40
Rasmalai,60.00,Breakfast,1.00,Veg,125.00,7.50,0.00,24.30,17.50,0.50,7.50,133.60,23.80,43.80
Gobi Manchurian,160.00,Lunch,1.00,Veg,225.00,12.50,2.00,5.80,22.50,1.10,7.50,43.50,10.30,93.30
Chicken Korma,315.00,Lunch,1.00,Non Veg,350.00,17.50,0.00,15.70,7.50,0.70,22.50,125.50,86.80,45.50
Onion Pakoda,82.00,Breakfast,1.00,Veg,225.00,12.50,0.00,11.60,22.50,3.60,7.50,73.20,77.30,188.80
Pesarattu,90.00,Lunch,1.00,Veg,175.00,3.50,0.00,22.50,35.00,1.60,7.50,54.10,67.60,196.20
Chicken 65,90.00,Lunch,1.00,Non Veg,225.00,12.50,8.00,39.20,3.50,3.30,17.50,91.30,35.00,209.80
Mysore Pak,25.00,Lunch,1.00,Veg,125.00,7.50,0.00,6.20,22.50,2.60,3.50,128.90,104.40,232.10
Roti,34.00,Lunch,1.00,Veg,90.00,3.50,0.00,6.20,17.50,2.80,3.50,35.80,70.30,97.10
Chicken Curry,280.00,Lunch,1.00,Non Veg,350.00,17.50,0.00,3.10,12.50,3.20,22.50,21.60,88.90,83.60
Palak Paneer,230.00,Lunch,1.00,Veg,225.00,12.50,0.00,17.10,12.50,2.00,12.50,10.80,62.40,62.50
Chicken Fried Rice,210.00,Lunch,1.00,Non Veg,350.00,12.50,0.00,17.10,35.00,3.30,22.50,54.10,91.80,78.30
Aloo Tikki,35.00,Lunch,1.00,Veg,60.00,3.50,0.00,8.40,12.50,5.30,3.50,24.20,133.60,190.80
Mutton Biryani,300.00,Lunch,1.00,Non Veg,450.00,17.50,0.00,4.70,55.00,3.30,22.50,51.50,138.20,304.80
Chicken Shawarma,265.00,Lunch,1.00,Non Veg,350.00,17.50,0.00,9.60,35.00,3.00,22.50,35.50,138.10,208.70
Ghee Rice,280.00,Lunch,1.00,Veg,350.00,12.50,0.00,11.40,55.00,2.50,3.50,38.50,77.40,244.00
Veg Pulao,210.00,Lunch,1.00,Veg,225.00,7.50,0.00,0.40,45.00,5.20,7.50,64.60,216.80,461.70
Chicken Lollipop,85.00,Lunch,1.00,Non Veg,225.00,12.50,0.00,10.80,3.50,0.30,17.50,3.00,8.40,6.60
Mutton Curry,290.00,Lunch,1.00,Non Veg,350.00,17.50,4.40,17.70,12.50,3.30,17.50,43.80,78.60,320.40
Veg Manchurian,125.00,Lunch,1.00,Non Veg,225.00,12.50,0.00,16.50,22.50,1.90,7.50,193.60,174.90,60.50
Chicken Kebab,100.00,Lunch,1.00,Non Veg,125.00,7.50,22.50,85.50,3.50,4.60,12.50,45.50,104.20,376.60
Medu Vada,30.00,Lunch,1.00,Veg,90.00,7.50,0.00,31.30,12.50,3.40,3.50,34.00,118.40,201.40
Chicken Curry,290.00,Lunch,1.00,Non Veg,350.00,17.50,0.00,7.90,12.50,3.90,22.50,299.80,567.20,95.00
Bhindi Masala,150.00,Lunch,1.00,Veg,125.00,7.50,0.00,78.00,12.50,1.10,7.50,9.80,26.00,156.60
Veg Fried Rice,115.00,Lunch,1.00,Veg,225.00,7.50,0.00,39.90,35.00,4.10,7.50,144.70,78.00,90.00
Prawn Masala,216.00,Lunch,1.00,Non Veg,225.00,12.50,4.20,19.90,7.50,3.70,17.50,27.80,69.60,311.20
Gajar Halwa,280.00,Lunch,1.00,Veg,225.00,7.50,1.50,16.20,45.00,4.20,7.50,105.90,107.50,245.80
Chicken Biryani,155.00,Lunch,1.00,Non Veg,350.00,17.50,0.00,7.10,55.00,12.00,22.50,118.00,186.60,453.60
Tomato Rice,170.00,Lunch,1.00,Veg,225.00,7.50,0.00,2.80,45.00,2.50,7.50,39.00,36.80,151.90
Mango,220.00,Breakfast,1.00,Veg,150.00,0.60,7.50,38.60,40.00,1.30,1.00,10.70,44.30,50.80
Apple,182.00,Breakfast,1.00,Veg,95.00,0.40,8.00,13.40,25.00,2.40,0.50,50.70,20.90,268.90
Banana,118.00,Breakfast,1.00,Veg,105.00,0.40,15.30,66.70,27.00,0.60,1.30,143.40,105.70,156.30
Orange,131.00,Breakfast,1.00,Veg,62.00,0.20,0.00,82.90,15.00,1.20,1.20,120.40,60.90,140.30
Grapes,103.00,Breakfast,1.00,Veg,62.00,0.20,0.00,3.00,16.00,12.10,0.60,148.10,471.80,415.10
Watermelon,152.00,Breakfast,1.00,Veg,46.00,0.20,0.00,7.60,11.00,2.00,0.90,22.60,41.60,103.30
Pineapple,168.00,Breakfast,1.00,Veg,82.00,0.20,4.50,58.60,22.00,2.30,0.90,21.00,1.30,322.00
Pomegranate,100.00,Breakfast,1.00,Veg,83.00,1.20,0.00,8.80,18.00,0.40,1.70,48.50,40.90,63.50
Papaya,140.00,Breakfast,1.00,Veg,55.00,0.30,13.30,49.70,14.00,7.00,0.50,52.70,172.30,401.40
Strawberry,116.00,Breakfast,1.00,Veg,50.00,0.50,37.40,282.00,11.00,0.00,1.00,295.00,142.00,173.00
Rice (cooked),211.00,Lunch,1.00,Veg,205.00,0.40,9.30,65.00,45.00,0.60,4.30,109.00,161.00,167.00
Wheat Roti,40.00,Lunch,1.00,Veg,100.00,1.00,0.00,19.50,20.00,0.50,3.00,44.00,161.00,355.00
Brown Rice,195.00,Lunch,1.00,Veg,216.00,1.80,13.80,185.00,45.00,4.90,5.00,42.50,177.70,277.10
Oats,40.00,Lunch,1.00,Veg,147.00,2.50,12.80,16.10,27.00,0.10,5.90,7.50,40.40,43.70
Quinoa,60.00,Lunch,1.00,Veg,222.00,3.60,4.00,8.80,39.00,0.40,8.00,188.00,182.70,119.20
Rava Upma,210.00,Lunch,1.00,Veg,180.00,4.00,0.00,5.80,32.00,0.30,4.00,63.00,90.00,77.00
Poha,245.00,Lunch,1.00,Veg,270.00,3.00,0.00,8.20,52.00,2.90,6.00,25.00,128.00,90.00
Dosa,72.00,Lunch,1.00,Veg,133.00,2.00,0.20,3.10,26.00,2.50,2.60,52.00,47.50,158.10
Idli,98.00,Lunch,1.00,Veg,130.00,0.40,0.00,10.80,27.00,1.50,4.00,11.10,44.00,38.70
Uttapam,140.00,Lunch,1.00,Veg,200.00,6.00,0.00,141.40,30.00,3.40,4.00,33.40,70.70,172.00
Masala Dosa,250.00,Lunch,1.00,Veg,387.00,5.60,0.00,37.50,77.00,1.90,7.00,57.20,34.80,514.50
Sambar,150.00,Lunch,1.00,Veg,110.00,2.00,0.00,29.90,20.00,3.40,3.00,40.40,25.70,127.30
Kakaro ko achar,350.00,Lunch,1.00,Veg,321.00,5.00,15.00,489.00,21.00,7.00,11.00,532.00,33.70,418.00
Aloo Baigan mix,100.00,Lunch,1.00,Veg,103.00,4.70,0.00,0.30,32.30,4.30,1.30,42.80,1.60,164.60
Aloo Beans mix,100.00,Lunch,1.00,Veg,134.00,8.70,0.00,7.90,34.30,0.30,2.40,11.20,45.00,43.20
Aloo Curry,100.00,Lunch,1.00,Veg,105.00,5.00,0.00,16.80,14.40,20.20,1.20,59.00,131.00,114.00
Baigan ko Bharta,100.00,Lunch,1.00,Veg,70.00,4.70,0.00,7.50,5.70,4.70,1.20,28.00,97.60,143.00
Besan k Khaddi,100.00,Lunch,1.00,Veg,100.00,5.10,0.00,33.90,15.00,3.40,2.90,17.30,161.40,132.00
Methi Aloo,100.00,Lunch,1.00,Veg,121.00,8.10,0.00,0.20,16.00,7.70,2.20,31.20,0.00,362.00
kadima ko sabji,100.00,Lunch,1.00,Veg,67.00,3.80,0.00,4.90,6.70,6.00,1.60,7.10,18.70,4.80
Rajma ko tarkari,100.00,Lunch,1.00,Veg,102.00,3.40,0.00,15.60,10.70,0.70,1.60,17.50,90.00,95.50
Capsicum aloo,100.00,Lunch,1.00,Veg,93.00,3.40,2.90,6.80,12.80,0.40,1.50,78.00,70.00,89.00
Stuffed Tomato,100.00,Lunch,1.00,Veg,85.00,3.40,3.00,3.80,110.00,0.30,2.10,402.10,74.60,87.00
Vegetable Korma,100.00,Lunch,1.00,Veg,88.00,5.30,0.00,1.70,8.70,2.90,1.40,47.10,89.60,161.80
Arhar ko Dal,100.00,Lunch,1.00,Veg,53.00,1.20,0.00,0.10,8.00,2.50,1.40,68.70,30.80,127.90
Chana ko Daal,100.00,Lunch,1.00,Veg,99.00,3.20,5.00,28.80,12.80,1.50,4.50,4.20,33.70,27.30
Dal Makhani,100.00,Lunch,1.00,Veg,117.00,1.30,32.20,3.80,14.00,6.00,6.80,42.80,1.60,0.00
Urad Ko Daal,100.00,Lunch,1.00,Veg,165.00,3.00,96.00,1.70,14.00,0.70,6.00,11.20,45.00,0.00
Pulao,100.00,Lunch,1.00,Veg,119.00,3.40,4.20,0.10,19.00,0.40,3.20,59.00,131.00,0.00
khoa,100.00,Lunch,1.00,Veg,421.00,25.90,32.00,28.80,20.50,0.30,20.00,28.00,97.60,0.00
Lassi,100.00,Breakfast,1.00,Veg,69.00,17.60,1.00,3.00,3.20,2.90,5.70,17.30,0.00,0.00
Rasam,50.00,Lunch,1.00,Veg,75.00,1.00,0.00,0.30,15.00,4.30,2.00,31.20,33.70,164.60
Avial,120.00,Lunch,1.00,Veg,150.00,12.00,0.00,7.90,10.00,0.30,3.00,11.20,1.60,43.20
Bisi Bele Bath,110.00,Lunch,1.00,Veg,200.00,2.00,0.00,16.80,40.00,20.20,6.00,59.00,45.00,114.00
Vada,90.00,Lunch,1.00,Veg,125.00,4.00,0.00,7.50,20.00,4.70,4.00,28.00,131.00,143.00
Medu Vada,79.00,Lunch,1.00,Veg,100.00,4.00,0.00,33.90,15.00,3.40,3.00,17.30,97.60,132.00
Rava Dosa,140.00,Lunch,1.00,Veg,160.00,6.00,0.00,0.20,24.00,7.70,4.00,31.20,161.40,362.00
Biryani,200.00,Lunch,1.00,Non Veg,250.00,10.00,0.00,4.90,35.00,2.20,6.00,7.10,0.00,4.80
Butter Chicken,195.00,Lunch,1.00,Non Veg ,360.00,22.00,0.00,15.60,9.00,0.70,34.00,17.50,18.70,95.50
Chicken Tikka Masala,250.00,Lunch,1.00,Non Veg,330.00,23.00,2.90,6.80,12.00,0.40,20.00,78.00,90.00,89.00
Palak Paneer,100.00,Lunch,1.00,Veg,150.00,10.00,3.00,3.80,8.00,0.30,10.00,402.10,70.00,87.00
Chole Bhature,240.00,Lunch,1.00,Veg,450.00,18.00,0.00,1.70,60.00,2.90,11.00,47.10,74.60,161.80
Rajma Chawal,213.00,Lunch,1.00,Veg,325.00,6.00,0.00,0.10,55.00,2.50,12.00,68.70,89.60,127.90
Pani Puri,120.00,Breakfast,1.00,Veg,180.00,10.00,5.00,28.80,15.00,1.50,3.00,4.20,30.80,27.30
Bhel Puri,175.00,Breakfast,1.00,Veg,285.00,12.00,32.20,38.40,40.00,3.40,5.00,101.80,48.90,1.30
Chicken Biryani,214.00,Lunch,1.00,Non Veg,380.00,12.00,96.00,114.00,50.00,1.90,20.00,105.10,69.00,79.50
Rasmalai,145.00,Breakfast,1.00,Veg,220.00,14.00,4.20,19.20,18.00,3.40,5.00,426.30,262.40,193.50
Gulab Jamun,123.00,Breakfast,1.00,Veg,150.00,6.00,4.20,3.50,22.00,4.30,2.00,1281.00,783.00,621.00
Jalebi,111.00,Breakfast,1.00,Veg,150.00,5.00,4.20,12.40,30.00,0.30,2.00,213.50,133.90,94.50
Lassi,98.00,Breakfast,1.00,Veg,150.00,4.00,4.20,120.80,20.00,20.20,6.00,137.70,90.00,9.80
Masala Chai,97.00,Breakfast,1.00,Veg,150.00,9.00,4.20,1.90,12.00,4.70,2.00,233.40,144.80,92.90
Filter Coffee,56.00,Breakfast,1.00,Veg,80.00,1.00,4.20,12.20,14.00,3.40,1.00,442.50,0.00,398.00
Thair Sadam,124.00,Lunch,1.00,Veg,200.00,3.00,4.20,0.20,40.00,7.70,5.00,9.40,39.10,43.70
Coconut Chutney,34.00,Lunch,1.00,Veg,60.00,5.50,4.20,170.50,4.00,2.20,0.60,39.40,65.10,119.30
Tomato Chutney,33.00,Lunch,1.00,Veg,40.00,0.40,0.00,46.70,9.00,0.70,0.80,152.70,73.30,1.90
Tamarind Chutney,45.00,Lunch,1.00,Veg,80.00,0.50,4.00,26.30,20.00,0.40,0.50,70.20,156.80,255.90
Raita,56.00,Lunch,1.00,Veg,70.00,3.00,0.00,19.50,6.00,0.30,3.00,137.90,119.50,124.70
Upma,167.00,Lunch,1.00,Veg,220.00,6.00,0.00,18.60,38.00,2.90,4.00,155.30,268.80,238.20
Lemon Rice,145.00,Lunch,1.00,Veg,200.00,4.00,0.00,15.70,40.00,2.50,4.00,76.40,122.70,168.10
Pongal,234.00,Lunch,1.00,Veg,300.00,6.00,0.00,50.00,50.00,1.50,8.00,37.30,51.50,146.80
Bisibele Bath,245.00,Lunch,1.00,Veg,350.00,7.00,0.00,24.30,60.00,3.40,9.00,63.60,114.20,318.40
Appam,122.00,Lunch,1.00,Veg,160.00,2.00,4.20,12.40,22.00,7.00,2.00,9.40,69.00,27.30
Puttu,267.00,Lunch,1.00,Veg,450.00,4.00,4.20,120.80,55.00,17.50,4.00,39.40,262.40,1.30
Vangi Bath,222.00,Lunch,1.00,Veg,350.00,6.00,4.20,1.90,12.50,17.50,6.00,152.70,783.00,79.50
Puliyodarai,90.00,Lunch,1.00,Veg,125.00,6.00,4.20,12.20,22.50,3.50,6.00,70.20,133.90,193.50
Lemon Pickle,123.00,Lunch,1.00,Veg,175.00,0.50,4.20,0.20,3.50,12.50,0.50,137.90,90.00,621.00
Mango Pickle,123.00,Lunch,1.00,Veg,175.00,0.30,4.20,170.50,17.50,12.50,0.30,155.30,144.80,94.50
Tamarind Rice,342.00,Lunch,1.00,Veg,450.00,7.00,4.20,46.70,55.00,17.50,7.00,76.40,0.00,9.80
Curd Rice,98.00,Lunch,1.00,Veg,175.00,3.00,4.20,26.30,35.00,7.50,3.00,37.30,39.10,92.90
Raggi Mudai,67.00,Lunch,1.00,Veg,125.00,5.30,0.00,19.50,22.50,3.50,5.30,63.60,65.10,398.00
Makai Shorba,78.00,Lunch,1.00,Veg,142.00,6.60,9.60,17.60,17.30,2.00,4.70,144.60,132.80,216.40
Tomato Shorba,123.00,Lunch,1.00,Veg,133.00,8.50,0.00,17.50,12.30,2.30,1.50,65.60,32.70,187.90
Moong Soup,98.00,Lunch,1.00,Veg,110.00,1.70,0.00,8.10,16.90,4.90,7.00,39.20,94.40,255.90
Creamy Almond Soup,123.00,Lunch,1.00,Veg,134.00,9.50,0.00,49.60,7.80,0.70,2.70,85.30,0.00,90.90
Quick Mushroom Soup,167.00,Lunch,1.00,Veg,227.00,12.40,31.50,55.60,13.50,0.60,7.80,323.40,244.90,293.10
Sada Dosa,89.00,Lunch,1.00,Veg,106.00,2.70,0.00,3.10,17.80,0.70,2.60,10.80,50.20,69.20
Baby Corn Fritters,134.00,Lunch,1.00,Veg,184.00,11.00,0.00,3.90,18.00,0.50,2.90,32.30,0.00,48.30
Baked Bread Rolls,89.00,Lunch,1.00,Veg,101.00,4.30,6.30,56.30,12.90,0.50,2.80,24.60,24.50,16.70
Pinwheel Sandwiches,23.00,Lunch,1.00,Veg,28.00,0.50,1.20,10.40,10.50,0.00,0.80,1.10,0.20,0.70
Achaari Paneer Tikka,178.00,Lunch,1.00,Veg,274.00,21.90,8.00,9.60,7.00,0.00,9.50,364.70,216.10,48.50
Samosa,67.00,Breakfast,1.00,Veg,91.00,6.00,0.00,5.50,7.90,1.60,1.40,13.10,34.30,71.70
Fruit Punch,145.00,Lunch,1.00,Veg,244.00,2.50,0.00,91.80,52.90,7.20,2.60,95.40,65.00,272.60
Pasta and Vegetable Salad,23.00,Lunch,1.00,Veg,35.00,0.20,0.00,9.50,6.90,1.20,1.50,31.50,56.30,116.50
Almond Cookie Tiramisu,231.00,Lunch,1.00,Veg,342.00,13.90,0.00,165.20,49.60,8.00,6.20,0.40,0.00,165.20
Easy Cheesy Vegetable Pasta,189.00,Lunch,1.00,Veg,267.00,6.90,22.90,211.20,37.20,2.70,11.20,227.30,199.20,122.00
Jowar Roti,23.00,Lunch,1.00,Veg,49.00,0.30,0.00,1.00,10.20,1.40,1.50,3.50,31.10,18.30
Gajar Soup ,67.00,Lunch,1.00,Veg,71.00,0.20,0.00,47.80,14.00,3.80,3.10,128.20,426.10,144.40
Cabbage Salad,78.00,Lunch,1.00,Veg,58.00,2.70,0.00,16.80,6.60,2.70,1.70,44.80,40.00,174.10
Vegetable Sandwich,213.00,Lunch,1.00,Veg,266.00,8.70,25.00,118.80,41.20,3.70,5.80,51.80,60.40,225.10
Dal Makhani,78.00,Lunch,1.00,Veg,100.00,1.60,0.00,19.30,15.90,4.30,5.70,86.70,91.60,272.80
Dal Fry,175.00,Lunch,1.00,Veg,245.00,7.00,0.00,8.80,32.60,5.40,13.10,52.70,172.30,401.40
Kadai Paneer Subzi,214.00,Lunch,1.00,Veg,325.00,25.50,0.00,15.60,12.70,2.60,11.10,402.60,231.90,216.50
Badam Ko Halwa,211.00,Lunch,1.00,Veg,282.00,20.20,3.00,3.80,20.50,0.30,3.50,68.70,89.60,127.90
Aloo Puri,45.00,Lunch,1.00,Veg,61.00,4.00,0.00,0.80,5.50,0.00,0.80,1.80,0.00,12.60
Besan ko Subzi,256.00,Lunch,1.00,Veg,385.00,23.70,16.60,45.00,25.80,5.30,11.60,237.20,249.10,341.80
Dalia Upma,87.00,Lunch,1.00,Veg,111.00,2.90,0.00,5.80,18.80,1.70,2.60,25.10,128.80,90.20
Mint Flavoured Lauka Raita,34.00,Lunch,1.00,Veg,24.00,0.10,0.00,25.40,3.80,0.70,2.00,87.90,17.70,21.30
Veg Cheese Omelette,150.00,Lunch,1.00,Veg,202.00,15.00,17.50,152.90,3.80,0.80,13.00,142.60,234.20,76.50
Kulfi,123.00,Breakfast,1.00,Veg,161.00,4.90,0.00,86.60,9.70,0.10,3.90,81.50,109.90,170.30
Low Fat Mawa,23.00,Lunch,1.00,Veg,44.00,0.20,0.00,50.10,7.00,0.20,3.70,153.60,31.20,7.70
Instant Mango Pickle,23.00,Breakfast,1.00,Veg,32.00,1.70,0.00,277.40,2.50,0.50,0.10,2.90,3.00,42.20
Garlic pickle,45.00,Breakfast,1.00,Veg,66.00,6.50,0.00,221.60,1.80,0.10,0.10,6.80,1.20,23.20
Dal Tadka,211.00,Lunch,1.00,Veg,259.00,10.70,0.00,4.00,28.90,4.90,12.00,39.80,115.60,128.20
Rajma Curry,178.00,Lunch,1.00,Veg,207.00,11.70,0.00,11.10,19.00,2.60,6.40,106.90,121.50,470.40
Palak Kadhi,56.00,Lunch,1.00,Veg,61.00,0.70,0.10,44.40,9.90,2.00,3.60,95.30,42.30,124.60
Masoor Dal,111.00,Lunch,1.00,Veg,124.00,1.40,2.70,14.70,19.10,2.90,8.00,86.10,109.40,181.20
Palak Chana Dal,167.00,Lunch,1.00,Veg,221.00,3.00,0.00,52.90,37.20,8.50,11.30,71.10,188.60,454.40
Quick Potato Curry,198.00,Lunch,1.00,Veg,287.00,15.50,0.00,28.40,34.20,3.50,3.20,73.20,0.00,453.30
Butter Naan,78.00,Lunch,1.00,Veg,110.00,6.90,0.20,1.60,10.10,0.20,1.70,15.90,23.40,22.90
Bajra Roti,89.00,Lunch,1.00,Veg,123.00,3.80,0.00,3.40,19.10,3.20,3.30,12.00,85.20,86.30
"Palak, Methi and Corn Subzi",100.00,Lunch,1.00,Veg,119.00,6.70,4.00,34.90,10.60,2.00,3.50,125.30,75.80,191.30
Bread Bhurji,189.00,Lunch,1.00,Veg,235.00,6.80,0.00,34.60,36.00,0.90,7.50,100.80,16.50,156.00
Coconut Flour Pancakes,111.00,Lunch,1.00,Veg,132.00,7.50,0.00,0.10,3.70,3.50,4.70,15.10,55.10,0.90
Mango Kulfi,123.00,Lunch,1.00,Veg,144.00,5.50,13.30,20.10,15.20,0.20,3.80,178.90,113.80,112.50
Masoor Dal Water,67.00,Lunch,1.00,Veg,89.00,0.20,0.00,1.80,15.30,2.70,6.50,17.90,76.20,150.30
Egg Bhurji,179.00,Lunch,1.00,Non Veg,215.00,17.60,0.00,5.40,3.40,1.00,10.70,68.00,184.60,83.40
Egg Biryani,257.00,Lunch,1.00,Non Veg,410.00,23.30,5.80,18.60,37.90,2.40,11.40,59.30,0.00,49.80
Egg Bhurji Paratha,156.00,Lunch,1.00,Non Veg,213.00,13.40,0.00,6.30,16.30,0.80,6.90,38.00,0.00,90.90
Egg Roll,211.00,Lunch,1.00,Non Veg,334.00,21.90,7.50,235.40,24.70,1.80,10.60,51.20,158.40,91.80
Caramel Custard,234.00,Lunch,1.00,Veg,287.00,10.10,6.00,70.60,40.50,0.00,8.90,235.80,103.80,219.20
Waffles Using Eggs,197.00,Lunch,1.00,Non Veg,262.00,12.60,30.20,94.50,28.90,0.10,6.80,69.90,109.90,66.80
Momos,25.00,Breakfast,1.00,Veg,36.00,2.20,0.11,0.11,7.20,0.40,3.40,3.60,20.70,467.00
Chow Mein,322.00,Breakfast,1.00,Veg,475.00,15.00,0.00,11.10,73.00,8.00,8.00,20.00,0.00,189.40
Plain Paratha,156.00,Lunch,1.00,Veg,260.00,8.99,0.00,375.00,38.94,7.60,5.16,20.00,151.60,10.90
Egg Noodles,178.00,Breakfast,1.00,Non Veg,221.00,3.30,46.00,8.00,40.00,1.90,7.30,19.00,126.60,90.80
Cup Pasta,123.00,Breakfast,1.00,Veg,196.00,1.20,0.00,1.20,38.00,2.20,7.20,8.70,43.70,370.00
Broccoli,23.00,Lunch,1.00,Veg,35.00,0.00,0.00,41.00,7.00,3.00,2.00,40.00,237.50,63.00
Banana,56.00,Breakfast,1.00,Veg,105.00,0.40,0.00,1.20,27.00,3.10,1.30,5.90,56.00,0.00
Banana Juice ,145.00,Breakfast,1.00,Veg,165.00,4.70,10.00,80.00,27.00,2.20,5.90,164.00,104.00,467.00
Peanut Butter,123.00,Breakfast,1.00,Veg,188.00,16.00,0.00,152.00,7.70,1.80,7.00,17.00,121.90,189.40
 Honey,46.00,Breakfast,1.00,Veg,64.00,0.00,0.00,0.80,17.00,0.00,0.10,1.30,297.30,10.90
Honey Ham,56.00,Breakfast,1.00,Veg,67.00,1.30,12.00,495.00,4.00,0.00,9.90,3.30,167.40,90.80
Butter milk,78.00,Breakfast,1.00,Veg,98.00,2.20,9.80,466.00,12.00,0.00,8.10,284.00,0.00,370.00
boiled egg,56.00,Breakfast,1.00,Non Veg,78.00,5.30,187.00,62.00,0.60,0.00,6.30,25.00,0.00,63.00
Potato Wedges,89.00,Lunch,1.00,Veg,118.00,7.60,0.00,5.70,11.70,0.90,0.80,5.20,20.70,127.80
Chilli Coriander Fried Rice,134.00,Lunch,1.00,Veg,287.00,12.80,0.00,1.80,39.40,2.20,3.50,10.50,0.00,7.70
Vegetable Fried Rice,156.00,Lunch,1.00,Veg,202.00,9.00,0.00,549.90,27.30,3.20,3.20,50.50,151.60,180.60
Schezuan Fried Rice,189.00,Lunch,1.00,Veg,327.00,18.00,0.00,689.20,37.40,2.60,3.80,32.10,126.60,105.00
Paani Puri,135.00,Breakfast,1.00,Veg,188.00,5.20,0.00,11.70,29.60,3.60,5.40,55.30,43.70,127.90
Vegetable Burger,245.00,Breakfast,1.00,Veg,490.00,24.80,27.50,658.80,59.30,4.20,12.30,239.70,237.50,226.40
Eggless Sponge Cake,156.00,Breakfast,1.00,Veg,276.00,9.60,18.30,311.10,42.20,0.10,6.10,119.80,56.00,185.60
Sweet Potato Halwa,156.00,Breakfast,1.00,Veg,254.00,5.10,5.30,14.70,47.10,3.70,3.20,117.80,104.00,399.10
Rice Kheer,156.00,Breakfast,1.00,Veg,235.00,8.10,12.80,42.10,30.60,0.50,5.90,229.30,121.90,150.70
Basundi,156.00,Breakfast,1.00,Veg,336.00,15.80,34.70,41.40,26.80,0.10,10.00,459.70,297.30,219.70
Moong Dal Waffles,111.00,Breakfast,1.00,Veg,163.00,2.80,0.00,31.10,24.80,4.10,10.00,46.10,167.40,498.20
Eggless Chocolate Brownie,89.00,Breakfast,1.00,Veg,115.00,7.00,14.00,73.60,12.40,0.80,1.80,13.60,39.60,58.40
Malai Kulfi,98.00,Breakfast,1.00,Veg,206.00,9.00,13.30,49.70,20.40,0.00,6.90,295.10,142.40,173.90
HomeMade Mango Icecream,123.00,Breakfast,1.00,Veg,252.00,6.80,10.70,55.70,39.30,0.30,5.20,221.80,92.40,235.20
Malpua,111.00,Breakfast,1.00,Veg,144.00,10.20,0.00,1.70,12.50,1.10,1.00,4.20,30.80,27.30
Motichoor ko Ladoo,134.00,Breakfast,1.00,Veg,204.00,9.90,1.80,12.20,24.50,2.20,3.60,39.40,65.10,119.30
Kala Jamun,98.00,Breakfast,1.00,Veg,210.00,6.60,0.00,0.20,33.80,0.00,3.40,152.70,73.30,1.90
Aloo Gobi,134.00,Lunch,1.00,Veg,250.00,5.00,0.00,500.00,40.00,15.00,10.00,50.00,100.00,200.00
Chicken Curry,145.00,Lunch,1.00,Non Veg,300.00,12.00,30.00,700.00,20.00,5.00,25.00,70.00,150.00,300.00
Palak Paneer,145.00,Lunch,1.00,Veg,280.00,15.00,20.00,600.00,15.00,8.00,20.00,100.00,120.00,250.00
Aloo Gobi,156.00,Lunch,1.00,Veg,200.00,10.00,0.00,400.00,30.00,10.00,5.00,30.00,80.00,180.00
Tandoori Roti,11.00,Lunch,1.00,Veg,150.00,2.00,0.00,300.00,30.00,5.00,4.00,20.00,60.00,100.00
Mango Chutney,98.00,Lunch,1.00,Veg,120.00,0.00,0.00,100.00,30.00,2.00,1.00,10.00,20.00,50.00
Momo,111.00,Breakfast,1.00,Veg,180.00,8.00,20.00,400.00,20.00,3.00,15.00,40.00,90.00,200.00
Chicken Biryani,145.00,Lunch,1.00,Non Veg,350.00,15.00,40.00,800.00,50.00,5.00,20.00,60.00,150.00,300.00
Rajma Masala,156.00,Lunch,1.00,Veg,270.00,6.00,0.00,600.00,40.00,12.00,15.00,80.00,100.00,250.00
Paneer Tikka,145.00,Lunch,1.00,Veg,200.00,12.00,25.00,400.00,10.00,2.00,18.00,100.00,120.00,200.00
Chole Bhature,267.00,Breakfast,1.00,Veg,500.00,25.00,15.00,1000.00,60.00,8.00,10.00,50.00,200.00,400.00
Vegetable Pulao,134.00,Lunch,1.00,Veg,300.00,10.00,0.00,700.00,45.00,6.00,8.00,40.00,80.00,180.00
Fish Curry,145.00,Lunch,1.00,Non Veg,320.00,18.00,50.00,900.00,25.00,4.00,30.00,120.00,150.00,350.00
Samosa,123.00,Breakfast,1.00,Veg,200.00,10.00,0.00,300.00,20.00,3.00,5.00,20.00,60.00,100.00
Gulab Jamun,111.00,All,1.00,Veg,250.00,12.00,10.00,200.00,30.00,1.00,3.00,25.00,40.00,80.00
Pakora,123.00,Lunch,1.00,Veg,180.00,8.00,5.00,250.00,15.00,2.00,6.00,15.00,50.00,120.00
Pav Bhaji,178.00,Breakfast,1.00,Veg,350.00,20.00,0.00,600.00,40.00,8.00,10.00,60.00,100.00,200.00
Rasgulla,123.00,All,1.00,Veg,200.00,5.00,5.00,150.00,45.00,0.00,4.00,30.00,30.00,60.00
Kheer,123.00,All,1.00,Veg,280.00,10.00,20.00,250.00,35.00,1.00,5.00,40.00,50.00,100.00
Jalebi,189.00,Breakfast,1.00,Veg,300.00,15.00,5.00,100.00,40.00,0.00,2.00,20.00,40.00,80.00
Thukpa,123.00,Breakfast,1.00,Veg,200.00,8.00,10.00,800.00,25.00,4.00,15.00,30.00,80.00,150.00
Dhido,111.00,Lunch,1.00,Veg,180.00,5.00,0.00,400.00,30.00,5.00,10.00,20.00,70.00,120.00
Sekuwa,111.00,Breakfast,1.00,Non Veg,250.00,12.00,25.00,600.00,5.00,1.00,20.00,15.00,100.00,200.00
Sukuti,156.00,Breakfast,1.00,Non Veg,300.00,15.00,20.00,500.00,2.00,0.00,25.00,10.00,90.00,180.00
Kwati,178.00,Breakfast,1.00,Veg,220.00,6.00,5.00,700.00,40.00,8.00,12.00,40.00,100.00,250.00
Sel Roti,111.00,Breakfast,1.00,Veg,180.00,4.00,0.00,300.00,30.00,2.00,5.00,25.00,50.00,100.00
Yomari,135.00,All,1.00,Veg,240.00,8.00,10.00,200.00,35.00,3.00,6.00,40.00,60.00,120.00
Chatamari,122.00,Breakfast,1.00,Veg,200.00,10.00,5.00,400.00,20.00,4.00,8.00,15.00,80.00,150.00
Sargemba,97.00,Lunch,1.00,nonVeg,280.00,15.00,0.00,450.00,25.00,3.00,10.00,30.00,100.00,200.00
Kheer Roti,157.00,Lunch,1.00,Veg,320.00,12.00,10.00,250.00,40.00,2.00,5.00,35.00,70.00,150.00
Gundruk,1111.00,Lunch,1.00,Veg,150.00,4.00,0.00,300.00,20.00,6.00,8.00,45.00,60.00,100.00
Pustakari,134.00,Breakfast,1.00,Veg,180.00,6.00,0.00,350.00,25.00,4.00,10.00,20.00,80.00,130.00
Pakku,188.00,Lunch,1.00,nonVeg,350.00,20.00,35.00,900.00,15.00,2.00,30.00,50.00,150.00,300.00
Alu Sadeko,97.00,Breakfast,1.00,Veg,200.00,10.00,0.00,400.00,25.00,5.00,8.00,20.00,70.00,150.00
Laphing,122.00,Breakfast,1.00,Veg,220.00,8.00,0.00,350.00,30.00,6.00,10.00,15.00,90.00,120.00
Sasu Mareko Dal,145.00,Breakfast,1.00,Veg,240.00,7.00,5.00,600.00,30.00,4.00,12.00,40.00,100.00,200.00
Kakro Ko Achar,76.00,All,1.00,Veg,100.00,3.00,0.00,200.00,20.00,3.00,2.00,10.00,40.00,80.00
Wai Wai Noodles,134.00,Breakfast,1.00,Veg,280.00,12.00,0.00,700.00,40.00,2.00,5.00,20.00,60.00,150.00
Phapar Ko Roti,111.00,Lunch,1.00,Veg,150.00,5.00,0.00,350.00,20.00,4.00,6.00,15.00,50.00,100.00
Kachila,145.00,Lunch,1.00,nonVeg,320.00,18.00,30.00,800.00,20.00,3.00,25.00,40.00,120.00,250.00
Tingmo,97.00,Lunch,1.00,Veg,150.00,2.00,0.00,180.00,30.00,2.00,4.00,15.00,40.00,80.00
Gurung Bread,123.00,Breakfast,1.00,Veg,200.00,5.00,0.00,220.00,35.00,3.00,5.00,20.00,60.00,120.00
Chhoyela,145.00,Lunch,1.00,nonVeg,250.00,10.00,30.00,400.00,10.00,1.00,20.00,25.00,80.00,150.00
Nepali Pizza,167.00,Breakfast,1.00,Veg,300.00,12.00,25.00,550.00,35.00,5.00,18.00,40.00,120.00,250.00
Aloo Sadeko,121.00,Breakfast,1.00,Veg,150.00,5.00,0.00,180.00,20.00,3.00,4.00,15.00,40.00,80.00
Tama,123.00, Lunch,1.00,Veg,180.00,2.00,0.00,220.00,40.00,6.00,9.00,50.00,80.00,150.00
Alu Tama,133.00, Lunch,1.00,Veg,200.00,7.00,0.00,250.00,30.00,5.00,8.00,20.00,80.00,150.00
Soybean Curry,166.00,Lunch,1.00,Veg,280.00,12.00,0.00,450.00,20.00,8.00,18.00,100.00,150.00,300.00
Buff Curry,167.00,Lunch,1.00,Non Veg,350.00,20.00,30.00,700.00,25.00,3.00,30.00,80.00,180.00,350.00
Chowmein,155.00,Breakfast,1.00,Veg,280.00,10.00,0.00,600.00,35.00,4.00,15.00,20.00,60.00,200.00
Aloo Tama,189.00, Lunch,1.00,Veg,180.00,6.00,0.00,250.00,25.00,5.00,7.00,15.00,70.00,120.00
Dhedo,157.00, Lunch,1.00,Veg,220.00,4.00,0.00,300.00,30.00,4.00,5.00,20.00,60.00,100.00
Khaja Set,234.00,Lunch,1.00,Veg,400.00,15.00,50.00,900.00,50.00,5.00,25.00,100.00,200.00,350.00
Chura,121.00,Breakfast,1.00,Veg,150.00,3.00,0.00,100.00,30.00,2.00,5.00,20.00,40.00,80.00
Gundruk Soup,132.00,Breakfast,1.00,Veg,180.00,4.00,0.00,300.00,20.00,8.00,10.00,50.00,80.00,150.00
Fini Roti,143.00,Breakfast,1.00,Veg,170.00,5.00,0.00,250.00,30.00,4.00,7.00,30.00,50.00,100.00
Pani Puri,87.00,Breakfast,1.00,Veg,100.00,5.00,0.00,200.00,15.00,1.00,3.00,10.00,20.00,50.00
Misal Pav,154.00,Breakfast,1.00,Veg,300.00,15.00,10.00,400.00,25.00,5.00,10.00,40.00,70.00,150.00
Rava Upma,176.00,Breakfast,1.00,Veg,200.00,8.00,5.00,300.00,30.00,4.00,6.00,20.00,60.00,100.00
Poha,176.00,Breakfast,1.00,Veg,250.00,10.00,0.00,400.00,35.00,3.00,5.00,15.00,50.00,120.00
Idli,78.00,Breakfast,1.00,Veg,100.00,1.00,0.00,150.00,20.00,2.00,3.00,30.00,60.00,80.00
Rajma Chawal,145.00,Lunch,1.00,Veg,350.00,10.00,5.00,600.00,50.00,8.00,15.00,50.00,100.00,250.00
Dhokla,123.00,Breakfast,1.00,Veg,200.00,5.00,0.00,250.00,30.00,3.00,6.00,20.00,70.00,120.00
Paneer Butter Masala,278.00,Lunch,1.00,Veg,400.00,20.00,30.00,700.00,25.00,3.00,18.00,80.00,120.00,300.00
Baingan Bharta,534.00,Lunch,1.00,Veg,300.00,15.00,0.00,500.00,20.00,5.00,10.00,40.00,80.00,200.00
Vada Pav,153.00,Breakfast,1.00,Veg,350.00,15.00,5.00,400.00,30.00,4.00,8.00,25.00,60.00,150.00
Matar Paneer,232.00,Lunch,1.00,Veg,280.00,12.00,25.00,600.00,20.00,4.00,15.00,70.00,100.00,250.00
Aloo Paratha,137.00,Breakfast,1.00,Veg,280.00,10.00,0.00,350.00,40.00,5.00,6.00,40.00,80.00,150.00
Kadhi Pakora,320.00,Lunch,1.00,Veg,320.00,15.00,10.00,450.00,30.00,3.00,12.00,30.00,90.00,180.00
Butter Chicken,222.00,Lunch,1.00,Non Veg,450.00,25.00,50.00,800.00,30.00,4.00,20.00,90.00,150.00,350.00
Bhel Puri,90.00,Breakfast,1.00,Veg,200.00,8.00,0.00,250.00,20.00,3.00,5.00,10.00,40.00,100.00
Gajar Ko Halwa,238.00,All,1.00,Veg,300.00,12.00,10.00,200.00,30.00,2.00,6.00,50.00,70.00,120.00
Neer Dosa,132.00,Lunch,1.00,Veg,150.00,3.00,0.00,200.00,25.00,2.00,4.00,20.00,50.00,80.00
Hyderabadi Biryani,400.00,Lunch,1.00,Non Veg,450.00,25.00,40.00,800.00,50.00,6.00,30.00,70.00,150.00,350.00
Kulfi,137.00,All,1.00,Veg,250.00,10.00,15.00,150.00,25.00,2.00,5.00,40.00,60.00,100.00
Mutton Rogan Josh,350.00,Lunch,1.00,Non Veg,500.00,30.00,60.00,900.00,20.00,3.00,25.00,100.00,200.00,400.00
Momos,132.00,Breakfast,1.00,Veg,180.00,5.00,10.00,300.00,15.00,3.00,8.00,10.00,30.00,60.00
Bhindi Masala,252.00,Lunch,1.00,Veg,220.00,8.00,0.00,400.00,25.00,6.00,5.00,60.00,80.00,150.00
Palak Dal,317.00,Lunch,1.00,Veg,250.00,10.00,5.00,500.00,30.00,8.00,12.00,40.00,70.00,200.00
Mysore Masala Dosa,220.00,Lunch,1.00,Veg,350.00,15.00,5.00,500.00,40.00,4.00,8.00,30.00,80.00,150.00
Rasam,416.00,All,1.00,Veg,100.00,3.00,0.00,300.00,15.00,2.00,4.00,20.00,40.00,100.00
Kadai Paneer,365.00,Lunch,1.00,Veg,380.00,18.00,25.00,600.00,20.00,3.00,15.00,80.00,100.00,250.00
Veg Pulao,300.00,Lunch,1.00,Veg,320.00,12.00,0.00,550.00,45.00,4.00,10.00,40.00,90.00,200.00
Khichdi,215.00,Lunch,1.00,Veg,250.00,8.00,5.00,400.00,30.00,5.00,6.00,30.00,70.00,150.00
Dhansak,483.00,Lunch,1.00,Veg,400.00,20.00,40.00,800.00,35.00,6.00,18.00,50.00,120.00,300.00
Vada Sambhar,172.00,Breakfast,1.00,Veg,180.00,8.00,0.00,300.00,20.00,3.00,5.00,20.00,50.00,100.00
Shahi Paneer,280.00,Lunch,1.00,Veg,420.00,22.00,30.00,700.00,25.00,2.00,20.00,100.00,150.00,300.00
Chana Masala,222.00,Lunch,1.00,Veg,280.00,10.00,0.00,500.00,30.00,7.00,12.00,70.00,100.00,200.00
Aloo Tikki,90.00,Breakfast,1.00,Veg,150.00,6.00,0.00,250.00,20.00,2.00,4.00,15.00,40.00,80.00
Bisi Bele Bath,310.00,Lunch,1.00,Veg,350.00,15.00,5.00,600.00,40.00,6.00,8.00,40.00,80.00,250.00
Kaju Katli,50.00,All,1.00,Veg,200.00,8.00,5.00,150.00,25.00,1.00,4.00,30.00,60.00,120.00
Shrikhand,100.00,All,1.00,Veg,220.00,10.00,15.00,180.00,30.00,2.00,6.00,40.00,70.00,150.00
Bhindi Fry,200.00,Lunch,1.00,Veg,180.00,8.00,0.00,300.00,20.00,4.00,5.00,50.00,80.00,150.00
Gajar Halwa,222.00,All,1.00,Veg,280.00,12.00,10.00,200.00,35.00,3.00,5.00,60.00,80.00,120.00
Dahi Vada,150.00,Breakfast,1.00,Veg,200.00,8.00,5.00,250.00,25.00,2.00,6.00,20.00,50.00,100.00
Kesar Pista Ice Cream,90.00,All,1.00,Veg,250.00,12.00,10.00,180.00,30.00,1.00,4.00,50.00,70.00,120.00
Chole Kulche,170.00,Breakfast,1.00,Veg,320.00,14.00,0.00,450.00,30.00,6.00,8.00,40.00,90.00,200.00
Aloo Gobi Masala,280.00,Lunch,1.00,Veg,280.00,10.00,0.00,400.00,25.00,5.00,8.00,60.00,100.00,250.00
Keema Pav,175.00,Breakfast,1.00,Veg,380.00,18.00,35.00,700.00,30.00,3.00,20.00,70.00,150.00,300.00
Dal Makhani,320.00,Lunch,1.00,Veg,350.00,15.00,5.00,550.00,40.00,8.00,10.00,30.00,80.00,200.00
Dahi Puri,72.00,Breakfast,1.00,Veg,120.00,5.00,0.00,150.00,15.00,1.00,3.00,10.00,30.00,50.00
Shahi Tukda,186.00,All,1.00,Veg,280.00,12.00,20.00,250.00,30.00,2.00,5.00,40.00,60.00,100.00
Paneer Bhurji,133.00,Breakfast,1.00,Veg,200.00,10.00,25.00,400.00,15.00,3.00,15.00,80.00,120.00,250.00
Matar Pulao,270.00,Lunch,1.00,Veg,300.00,10.00,0.00,500.00,45.00,3.00,8.00,40.00,80.00,200.00
Aloo Jeera,151.00,Lunch,1.00,Veg,180.00,7.00,0.00,300.00,25.00,4.00,4.00,50.00,70.00,150.00
Veg Cutlet,111.00,Breakfast,1.00,Veg,200.00,10.00,0.00,300.00,20.00,3.00,6.00,25.00,40.00,100.00
Puri Bhaji,147.00,Breakfast,1.00,Veg,350.00,15.00,5.00,450.00,40.00,4.00,10.00,30.00,80.00,180.00
Butter Naan,100.00,Lunch,1.00,Veg,280.00,10.00,0.00,350.00,35.00,3.00,5.00,40.00,60.00,120.00
Rajma Rice,427.00,Lunch,1.00,Veg,380.00,15.00,5.00,600.00,50.00,6.00,12.00,70.00,100.00,250.00
Masoor Dal,70.00,Lunch,1.00,Veg,220.00,8.00,0.00,400.00,30.00,7.00,10.00,30.00,70.00,150.00
Chana Dal,291.00,Lunch,1.00,Veg,270.00,9.00,0.00,500.00,35.00,8.00,12.00,40.00,80.00,180.00
Chicken Tikka,184.00,Breakfast,1.00,Non Veg,280.00,15.00,40.00,600.00,20.00,3.00,22.00,80.00,150.00,300.00
Rajasthani Dal Baati,250.00,Lunch,1,Veg,400.00,18.00,0.00,600.00,40.00,8.00,15.00,50.00,100.00,250.00
Rajasthani Kadhi,550.00,Lunch,1.00,Veg,300.00,12.00,5.00,450.00,30.00,6.00,10.00,40.00,80.00,200.00
Rajasthani Mirchi Vada,166.00,Breakfast,1.00,Veg,280.00,12.00,0.00,350.00,25.00,4.00,8.00,30.00,60.00,150.00
Samosa Chaat,190.00,Breakfast,1.00,Veg,320.00,16.00,0.00,300.00,30.00,6.00,6.00,40.00,70.00,180.00
Tandoori Chicken,262.00,Breakfast,1.00,Non Veg,380.00,20.00,90.00,700.00,15.00,3.00,25.00,70.00,120.00,300.00
Kofta Curry,500.00,Lunch,1.00,Veg,350.00,18.00,25.00,500.00,20.00,4.00,15.00,80.00,100.00,250.00
Malai Kofta,240.00,Lunch,1.00,Veg,380.00,20.00,30.00,600.00,25.00,3.00,18.00,90.00,120.00,280.00
Rajasthani Kadhi Pakora,200.00,Lunch,1.00,Veg,320.00,15.00,10.00,500.00,35.00,6.00,8.00,40.00,100.00,180.00
Malpua,120.00,All,1.00,Veg,300.00,12.00,10.00,200.00,35.00,2.00,6.00,40.00,70.00,120.00
Masala Dosa,190.00,All,1.00,Veg,300.00,12.00,5.00,450.00,35.00,3.00,6.00,40.00,70.00,180.00
Veg Biryani,330.00,Lunch,1.00,Veg,380.00,15.00,0.00,550.00,40.00,6.00,8.00,50.00,100.00,200.00
Kheema,150.00,Lunch,1.00,Veg,350.00,18.00,40.00,700.00,25.00,4.00,20.00,80.00,150.00,300.00
Veg Manchurian,155.00,Lunch,1.00,Veg,280.00,15.00,0.00,550.00,35.00,5.00,10.00,60.00,100.00,200.00
Rogan Josh,480.00,Lunch,1.00,Veg,400.00,22.00,45.00,750.00,30.00,3.00,25.00,90.00,160.00,350.00
Chicken 65,105.00,Breakfast,1.00,Non Veg,250.00,12.00,30.00,500.00,20.00,2.00,15.00,70.00,80.00,150.00
Aloo Matar,270.00,Lunch,1.00,Veg,200.00,10.00,0.00,350.00,25.00,6.00,8.00,50.00,70.00,150.00
Kadai Chicken,354.00,Breakfast,1.00,Veg,420.00,25.00,55.00,800.00,35.00,4.00,22.00,80.00,150.00,350.00
Gobhi Manchurian,200.00,Lunch,1.00,Veg,280.00,14.00,0.00,600.00,30.00,5.00,8.00,50.00,90.00,180.00
Chicken Biriyani,290.00,Lunch,1.00,Non Veg,400.00,20.00,35.00,750.00,45.00,4.00,28.00,70.00,160.00,300.00
Egg Curry,280.00,Breakfast,1.00,Non Veg,320.00,15.00,300.00,650.00,25.00,3.00,20.00,70.00,140.00,250.00
Quinoa Salad,161.00,All,1.00,Veg,250.00,10.00,0.00,300.00,30.00,5.00,12.00,60.00,100.00,250.00
Grilled Salmon,190.00,All,1.00,Non Veg,300.00,15.00,70.00,400.00,0.00,0.00,40.00,80.00,200.00,350.00
Avocado Toast,105.00,Breakfast,1.00,Veg,200.00,12.00,0.00,200.00,15.00,8.00,6.00,30.00,60.00,150.00
Greek Yogurt Parfait,130.00,Breakfast,1.00,Veg,150.00,5.00,5.00,100.00,20.00,2.00,8.00,100.00,120.00,200.00
Stuffed Bell Peppers,120.00,Lunch,1.00,Veg,180.00,5.00,0.00,250.00,25.00,6.00,10.00,60.00,90.00,150.00
Tofu Stir-Fry,150.00,Lunch,1.00,Veg,220.00,10.00,0.00,300.00,20.00,5.00,15.00,80.00,100.00,250.00
Cauliflower Rice Bowl,200.00,Lunch,1.00,Veg,200.00,8.00,0.00,350.00,30.00,7.00,10.00,50.00,80.00,200.00
Kale Smoothie,192.00,All,1.00,Veg,150.00,3.00,0.00,100.00,25.00,6.00,5.00,40.00,70.00,120.00
Quinoa and Black Bean Bowl,280.00,Lunch,1.00,Veg,280.00,10.00,0.00,400.00,35.00,8.00,12.00,70.00,110.00,300.00
Egg White Omelette,180.00,Breakfast,1.00,Non Veg,180.00,8.00,5.00,200.00,5.00,1.00,20.00,60.00,90.00,150.00
Spinach Salad,83.00,All,1.00,Veg,120.00,5.00,0.00,150.00,10.00,4.00,6.00,80.00,100.00,200.00
Baked Chicken Breast,190.00,Lunch,1.00,Non Veg,250.00,10.00,50.00,300.00,0.00,0.00,40.00,60.00,150.00,300.00
Zucchini Noodles with Pesto,200.00,Lunch,1.00,Veg,220.00,10.00,5.00,250.00,20.00,6.00,8.00,40.00,80.00,150.00
Broccoli Soup,172.00,All,1.00,Veg,150.00,5.00,0.00,200.00,15.00,4.00,8.00,50.00,70.00,120.00
Turkey Lettuce Wraps,140.00,Breakfast,1.00,Veg,180.00,5.00,30.00,250.00,10.00,3.00,15.00,70.00,100.00,200.00
Quinoa and Vegetable Stir-Fry,245.00,Lunch,1.00,Veg,230.00,8.00,0.00,300.00,25.00,7.00,10.00,60.00,90.00,250.00
Grilled Chicken Salad,210.00,All,1.00,Non Veg,200.00,8.00,40.00,350.00,10.00,3.00,25.00,60.00,120.00,200.00
Sweet Potato and Black Bean Chili,270.00,Lunch,1.00,Veg,270.00,10.00,0.00,400.00,30.00,8.00,15.00,80.00,100.00,300.00
Oatmeal with Berries,180.00,Breakfast,1.00,Veg,180.00,5.00,0.00,150.00,30.00,6.00,5.00,60.00,80.00,150.00
Steamed Fish with Vegetables,220.00,All,1.00,Non Veg,220.00,10.00,50.00,300.00,15.00,5.00,30.00,70.00,150.00,250.00
Quinoa Stuffed Bell Peppers,175.00,Lunch,1.00,Veg,250.00,8.00,0.00,350.00,20.00,6.00,12.00,70.00,100.00,200.00
Tuna Salad,70.00,All,1.00,Non Veg,160.00,7.00,20.00,300.00,5.00,2.00,20.00,50.00,100.00,150.00
Grilled Shrimp Skewers,221.00,All,1.00,Non Veg,180.00,6.00,60.00,350.00,5.00,1.00,25.00,40.00,120.00,200.00
Egg and Vegetable Scramble,175.00,Breakfast,1.00,Veg,200.00,10.00,120.00,250.00,10.00,3.00,15.00,80.00,100.00,150.00
Grilled Tofu Salad,150.00,All,1.00,Veg,220.00,12.00,0.00,300.00,15.00,4.00,20.00,70.00,120.00,200.00
Quinoa and Chickpea Salad,230.00,All,1.00,Veg,240.00,9.00,0.00,350.00,30.00,7.00,10.00,60.00,100.00,250.00
Vegetable Soup,50.00,All,1.00,Veg,120.00,3.00,0.00,200.00,25.00,5.00,5.00,40.00,80.00,120.00
Roasted Chicken Thighs,122.00,Lunch,1.00,Non Veg,280.00,15.00,70.00,400.00,5.00,0.00,35.00,60.00,150.00,300.00
Cucumber and Tomato Salad,20.00,All,1.00,Veg,100.00,3.00,0.00,150.00,15.00,3.00,4.00,30.00,80.00,100.00
Grilled Vegetable Salad,200.00,All,1.00,Veg,150.00,5.00,0.00,200.00,20.00,6.00,5.00,60.00,100.00,200.00
Baked Salmon,180.00,All,1.00,Non Veg,250.00,12.00,60.00,400.00,0.00,0.00,30.00,80.00,150.00,300.00
Egg White Scramble with Spinach,146.00,Breakfast,1.00,Non Veg,150.00,5.00,0.00,200.00,5.00,2.00,15.00,40.00,80.00,150.00
Brown Rice Bowl with Tofu,200.00,Lunch,1.00,Veg,230.00,8.00,0.00,300.00,30.00,7.00,12.00,70.00,110.00,250.00
Chia Seed Pudding,100.00,Breakfast,1.00,Veg,120.00,4.00,0.00,100.00,15.00,8.00,3.00,80.00,90.00,120.00
Stir-Fried Broccoli with Garlic,200.00,Lunch,1.00,Veg,100.00,3.00,0.00,150.00,15.00,6.00,5.00,60.00,80.00,150.00
Vegetable Lentil Soup,140.00,All,1.00,Veg,120.00,2.00,0.00,250.00,20.00,8.00,6.00,50.00,70.00,200.00
Hummus and Vegetable Platter,100.00,Breakfast,1.00,Veg,180.00,8.00,0.00,200.00,15.00,6.00,7.00,60.00,90.00,150.00
Quinoa and Kale Salad,145.00,All,1.00,Veg,180.00,7.00,0.00,250.00,25.00,7.00,8.00,70.00,100.00,200.00
Turkey and Avocado Wrap,110.00,Breakfast,1.00,Non Veg,200.00,8.00,20.00,300.00,20.00,5.00,15.00,60.00,110.00,150.00
Grilled Chicken Breast,120.00,Lunch,1.00,Non Veg,200.00,6.00,50.00,300.00,0.00,0.00,35.00,60.00,150.00,300.00
Whole Wheat Pasta with Tomato Sauce,185.00,Lunch,1.00,Veg,220.00,5.00,0.00,350.00,40.00,6.00,10.00,40.00,100.00,250.00
Steamed Asparagus with Lemon,333.00,Lunch,1.00,Veg,80.00,2.00,0.00,100.00,10.00,5.00,3.00,40.00,60.00,100.00
Cauliflower Rice Stir-Fry,232.00,Lunch,1.00,Veg,150.00,6.00,0.00,200.00,25.00,6.00,7.00,50.00,80.00,150.00
Tofu and Vegetable Skewers,125.00,Lunch,1.00,Veg,180.00,8.00,0.00,250.00,15.00,4.00,12.00,70.00,90.00,200.00
Spinach and Mushroom Omelette,150.00,Breakfast,1.00,Non Veg,160.00,6.00,80.00,200.00,5.00,3.00,15.00,60.00,80.00,150.00
Quinoa and Edamame Salad,160.00,All,1.00,Veg,200.00,9.00,0.00,300.00,30.00,8.00,10.00,80.00,120.00,250.00
Chickpea and Vegetable Curry,170.00,Lunch,1.00,Veg,220.00,8.00,0.00,350.00,25.00,7.00,15.00,60.00,100.00,200.00
Roasted Vegetable Quinoa Bowl,200.00,Lunch,1.00,Veg,250.00,10.00,0.00,400.00,35.00,8.00,12.00,70.00,110.00,300.00
Mixed Berry Smoothie,400.00,All,1.00,Veg,120.00,2.00,0.00,100.00,30.00,5.00,3.00,60.00,70.00,100.00
Grilled Portobello Mushrooms,300.00,Lunch,1.00,Veg,90.00,3.00,0.00,150.00,10.00,4.00,6.00,40.00,80.00,150.00
Chia Seed Smoothie,130.00,All,1.00,Veg,130.00,4.00,0.00,100.00,25.00,6.00,5.00,70.00,80.00,120.00
Quinoa and Black Bean Salad,170.00,All,1.00,Veg,220.00,6.00,0.00,300.00,30.00,8.00,10.00,80.00,100.00,250.00
Cottage Cheese with Berries,150.00,Breakfast,1.00,Veg,150.00,4.00,10.00,150.00,15.00,2.00,12.00,100.00,120.00,150.00
Mango and Spinach Salad,300.00,All,1.00,Veg,140.00,3.00,0.00,150.00,25.00,4.00,5.00,50.00,80.00,100.00
Grilled Tofu with Steamed Vegetables,140.00,Lunch,1.00,Veg,200.00,8.00,0.00,300.00,15.00,6.00,15.00,80.00,100.00,200.00
Mixed Vegetable Stir-Fry,100.00,Lunch,1.00,Veg,160.00,5.00,0.00,200.00,20.00,7.00,8.00,60.00,90.00,150.00
Turkey and Vegetable Skewers,100.00,Breakfast,1.00,Non Veg,180.00,7.00,20.00,250.00,15.00,3.00,15.00,70.00,110.00,150.00
Zucchini and Carrot Noodles with Pesto,130.00,Lunch,1.00,Veg,180.00,7.00,0.00,250.00,20.00,5.00,6.00,40.00,80.00,100.00
Salmon and Asparagus Foil Pack,210.00,All,1.00,Non Veg,280.00,15.00,60.00,450.00,10.00,4.00,30.00,80.00,150.00,300.00
Greek Salad,140.00,All,1.00,Veg,180.00,10.00,20.00,300.00,15.00,5.00,8.00,60.00,80.00,150.00
Cauliflower Pizza Crust,120.00,Lunch,1.00,Veg,200.00,8.00,0.00,250.00,20.00,6.00,10.00,40.00,100.00,200.00
Eggplant Rollatini,200.00,Lunch,1.00,Veg,240.00,10.00,15.00,350.00,25.00,5.00,12.00,70.00,90.00,150.00
Shrimp and Vegetable Stir-Fry,175.00,All,1.00,Non Veg,220.00,8.00,50.00,400.00,15.00,3.00,25.00,40.00,120.00,200.00
Cottage Cheese Pancakes,125.00,Breakfast,1.00,Veg,180.00,6.00,30.00,200.00,15.00,2.00,15.00,80.00,100.00,150.00
Tofu Lettuce Wraps,260.00,Lunch,1.00,Veg,200.00,10.00,0.00,300.00,20.00,4.00,18.00,90.00,120.00,250.00
Zucchini Lasagna,240.00,Lunch,1.00,Veg,280.00,12.00,25.00,400.00,30.00,6.00,15.00,70.00,100.00,200.00
Salmon Salad,130.00,All,1.00,Non Veg,250.00,12.00,50.00,350.00,10.00,4.00,30.00,80.00,150.00,300.00
Mushroom and Spinach Quiche,140.00,Breakfast,1.00,Veg,220.00,10.00,60.00,300.00,20.00,3.00,18.00,60.00,90.00,150.00
Lentil Soup,200.00,All,1.00,Veg,180.00,5.00,0.00,250.00,30.00,8.00,10.00,50.00,80.00,200.00
Veggie Wrap,110.00,Breakfast,1.00,Veg,150.00,4.00,0.00,200.00,20.00,5.00,10.00,40.00,100.00,150.00
Cauliflower Fried Rice,200.00,Lunch,1.00,Veg,190.00,7.00,0.00,300.00,25.00,6.00,8.00,50.00,80.00,150.00
Spinach and Feta Stuffed Chicken,150.00,Lunch,1.00,Veg,260.00,12.00,70.00,400.00,5.00,0.00,35.00,60.00,150.00,300.00
Quinoa and Vegetable Soup,240.00,All,1.00,Veg,200.00,5.00,0.00,300.00,30.00,7.00,12.00,60.00,90.00,200.00
Turkey MeatbAlls with Zoodles,140.00,Lunch,1.00,Non Veg,240.00,8.00,40.00,350.00,25.00,6.00,20.00,70.00,100.00,250.00
Cucumber Rolls with Tuna,300.00,Breakfast,1.00,Non Veg,170.00,6.00,25.00,300.00,10.00,2.00,15.00,50.00,80.00,150.00
Cauliflower Mashed Potatoes,260.00,Lunch,1.00,Veg,150.00,5.00,0.00,200.00,20.00,5.00,6.00,40.00,70.00,120.00
Turkey and Avocado Salad,180.00,Lunch,1.00,Non Veg,210.00,10.00,30.00,350.00,15.00,4.00,25.00,60.00,120.00,200.00
Stuffed Chicken Breast,155.00,Lunch,1.00,Non Veg,280.00,14.00,60.00,450.00,5.00,0.00,30.00,70.00,150.00,300.00
Quinoa Breakfast Bowl,160.00,Breakfast,1.00,Veg,220.00,8.00,0.00,300.00,30.00,6.00,10.00,60.00,100.00,250.00
Vegetable Frittata,145.00,Breakfast,1.00,Veg,200.00,10.00,70.00,350.00,15.00,3.00,15.00,50.00,80.00,150.00
Cauliflower Soup,350.00,All,1.00,Veg,150.00,6.00,0.00,200.00,20.00,5.00,8.00,40.00,70.00,120.00
Stuffed Bell Peppers with Turkey,179.00,Lunch,1.00,Veg,260.00,12.00,40.00,400.00,10.00,2.00,30.00,60.00,150.00,300.00
Salmon Cakes,145.00,Lunch,1.00,Non Veg,250.00,12.00,50.00,400.00,10.00,3.00,30.00,70.00,120.00,200.00
Quinoa and Kale Bowl,165.00,Lunch,1.00,Veg,230.00,9.00,0.00,350.00,25.00,8.00,12.00,70.00,110.00,250.00
Turkey Chili,170.00,All,1.00,Non Veg,220.00,8.00,30.00,400.00,25.00,7.00,20.00,60.00,100.00,200.00
Zucchini Bread,76.00,Breakfast,1.00,Veg,180.00,7.00,0.00,200.00,25.00,3.00,8.00,40.00,70.00,150.00
Sattu All,45.00,All,1.00,Veg,150.00,2.00,0.00,100.00,30.00,5.00,5.00,20.00,60.00,100.00
Sabudana Khichdi,115.00,All,1.00,Veg,300.00,10.00,0.00,200.00,50.00,3.00,5.00,30.00,60.00,100.00
Litti Chokha,110.00,Lunch,1.00,Veg,280.00,8.00,0.00,350.00,30.00,6.00,12.00,60.00,90.00,200.00
Daal Baati Churma,100.00,Lunch,1.00,Veg,350.00,10.00,0.00,400.00,40.00,5.00,15.00,70.00,100.00,250.00
Jau Roti,120.00,Breakfast,1.00,Veg,180.00,4.00,0.00,250.00,35.00,8.00,6.00,40.00,70.00,120.00
Bajra Khichdi,200.00,Lunch,1.00,Veg,270.00,6.00,0.00,350.00,45.00,7.00,8.00,60.00,80.00,150.00
Dal Dhokli,155.00,Lunch,1.00,Veg,280.00,7.00,0.00,300.00,40.00,6.00,12.00,50.00,90.00,200.00
Til Laddu,40.00,All,1.00,Veg,200.00,5.00,0.00,150.00,30.00,4.00,7.00,30.00,60.00,100.00
Kodo Ko Roti,140.00,Breakfast,1.00,Veg,190.00,3.00,0.00,200.00,40.00,6.00,5.00,40.00,80.00,150.00
Thenthuk,360.00,All,1.00,Veg,220.00,7.00,15.00,350.00,25.00,4.00,10.00,40.00,70.00,120.00
Chhurpi,50.00,Breakfast,1.00,Veg,170.00,6.00,0.00,250.00,15.00,2.00,10.00,40.00,60.00,100.00
Bhanta,400.00,Lunch,1.00,Veg,240.00,6.00,0.00,350.00,30.00,7.00,10.00,60.00,90.00,200.00
Pakhala,400.00,Lunch,1.00,Veg,200.00,4.00,0.00,300.00,45.00,8.00,6.00,50.00,80.00,150.00
Chow Mein,152.00,Breakfast,1.00,Veg,280.00,8.00,20.00,350.00,30.00,4.00,15.00,60.00,100.00,200.00
Gajar Ko Achar,200.00,Breakfast,1.00,Veg,120.00,3.00,0.00,150.00,20.00,3.00,2.00,30.00,40.00,80.00
Ras Malai,100.00,All,1.00,Veg,250.00,12.00,20.00,250.00,25.00,1.00,6.00,40.00,70.00,150.00
Upma,300.00,Lunch,1.00,Veg,200.00,5.00,0.00,300.00,40.00,6.00,6.00,50.00,80.00,150.00
Dosa,200.00,Lunch,1.00,Veg,250.00,6.00,0.00,350.00,45.00,7.00,8.00,60.00,90.00,200.00
Kachori,120.00,Breakfast,1.00,Veg,280.00,12.00,5.00,400.00,25.00,4.00,10.00,40.00,70.00,150.00
Mutton Biryani,145.00,Lunch,1.00,Non Veg,400.00,18.00,40.00,500.00,50.00,3.00,20.00,60.00,110.00,250.00
Puliyogare,180.00,Lunch,1.00,Veg,300.00,12.00,0.00,350.00,30.00,3.00,6.00,60.00,90.00,200.00
Rajasthani Dal Bati,300.00,Lunch,1.00,Veg,350.00,15.00,0.00,400.00,30.00,6.00,10.00,60.00,90.00,200.00
Aloo Posto,210.00,Lunch,1.00,Veg,250.00,12.00,0.00,350.00,30.00,5.00,8.00,50.00,80.00,150.00
Mushroom Tikka,200.00,Breakfast,1.00,Veg,220.00,10.00,35.00,300.00,15.00,4.00,12.00,60.00,90.00,200.00
Chilli Chicken,130.00,Lunch,1.00,Non Veg,280.00,14.00,25.00,350.00,25.00,3.00,18.00,70.00,100.00,250.00
Prawn Curry,290.00,Lunch,1.00,Non Veg,380.00,20.00,45.00,500.00,35.00,6.00,25.00,80.00,130.00,300.00
Paneer Tikka Masala,136.00,Lunch,1.00,Veg,340.00,16.00,30.00,400.00,25.00,5.00,18.00,70.00,100.00,200.00
Baigan Ka Bharta,265.00,Lunch,1.00,Veg,290.00,12.00,0.00,350.00,30.00,5.00,8.00,60.00,90.00,150.00
Mutton Curry,182.00,Lunch,1.00,Non Veg,420.00,22.00,50.00,550.00,45.00,6.00,28.00,90.00,140.00,350.00
Korma,205.00,Lunch,1.00,Veg,350.00,18.00,25.00,400.00,35.00,4.00,20.00,80.00,120.00,250.00
Rice Kheer,160.00,All,1.00,Veg,280.00,10.00,15.00,250.00,30.00,2.00,7.00,40.00,70.00,150.00
Gobi Manchurian,130.00,Breakfast,1.00,Veg,260.00,12.00,0.00,350.00,25.00,3.00,8.00,50.00,80.00,120.00
Chapati,136.00,Breakfast,1.00,Veg,180.00,3.00,0.00,200.00,25.00,2.00,5.00,30.00,60.00,100.00
Dum Aloo,175.00,Lunch,1.00,Veg,290.00,14.00,0.00,350.00,30.00,5.00,8.00,60.00,90.00,200.00
Chicken Masala,150.00,Lunch,1.00,Non Veg,300.00,15.00,30.00,350.00,30.00,5.00,20.00,80.00,120.00,250.00
Rava Idli,225.00,Breakfast,1.00,Veg,200.00,5.00,0.00,250.00,30.00,4.00,7.00,50.00,80.00,150.00
Methi Malai Matar,165.00,Lunch,1.00,Veg,280.00,14.50,25.00,350.00,30.30,5.60,9.80,60.00,100.00,200.00
Chicken Tikka Masala,160.00,Lunch,1.00,Non Veg,380.00,19.50,40.00,480.00,35.00,5.40,21.60,80.00,120.00,300.00
Mushroom Matar,250.00,Lunch,1.00,Veg,300.00,15.20,30.00,340.00,30.60,5.90,10.10,60.00,90.00,200.00
Raita,142.00, Lunch,1.00,Veg,100.00,4.20,10.00,120.00,10.50,2.30,3.60,30.00,50.00,80.00
Chilli Paneer,121.00,Breakfast,1.00,Veg,280.00,14.70,25.00,320.00,25.60,3.70,13.20,70.00,100.00,200.00
Quinoa Pulao,215.00, Lunch,1.00,Veg,280.00,6.50,0.00,280.00,45.50,6.80,10.30,70.00,120.00,250.00
Stir-Fried Tofu,185.00,Lunch,1.00,Veg,250.00,12.00,0.00,320.00,20.40,7.20,15.60,80.00,110.00,300.00
Kale Salad,250.00, Lunch,1.00,Veg,150.00,6.00,0.00,180.00,20.00,5.40,7.80,50.00,70.00,150.00
Oats Upma,230.00,Lunch,1.00,Veg,230.00,5.50,0.00,280.00,40.20,6.50,8.40,70.00,100.00,200.00
Baked Sweet Potato,100.00,Breakfast,1.00,Veg,180.00,3.50,0.00,220.00,35.50,5.60,4.20,40.00,60.00,120.00
Steamed Broccoli,115.00, Lunch,1.00,Veg,50.00,0.50,0.00,70.00,10.00,4.50,3.80,30.00,40.00,80.00
Brown Rice Khichdi,207.00,Lunch,1.00,Veg,270.00,7.00,0.00,320.00,45.00,6.80,9.50,70.00,110.00,250.00
Quinoa Khichdi,265.00,Lunch,1.00,Veg,290.00,6.50,0.00,340.00,50.50,7.50,8.90,80.00,120.00,250.00
Spinach Smoothie,200.00,All,1.00,Veg,120.00,2.50,0.00,80.00,20.00,4.50,6.30,50.00,70.00,150.00
Cucumber Salad,235.00, Lunch,1.00,Veg,40.00,0.50,0.00,60.00,8.50,2.80,1.60,30.00,40.00,80.00
Grilled Veggie Skewers,265.00,Lunch,1.00,Veg,210.00,8.00,0.00,280.00,25.70,6.30,10.20,60.00,90.00,200.00
Quinoa Upma,220.00,Lunch,1.00,Veg,240.00,6.00,0.00,290.00,35.00,5.20,9.80,70.00,100.00,200.00
Cauliflower Rice,280.00, Lunch,1.00,Veg,70.00,1.00,0.00,90.00,15.50,4.20,3.50,30.00,40.00,80.00
Quinoa Bowl,215.00,Lunch,1.00,Veg,260.00,7.00,0.00,310.00,40.00,6.80,9.50,70.00,100.00,200.00
Steamed Fish,185.00,Lunch,1.00,Non Veg,250.00,12.00,35.00,320.00,0.00,0.00,30.50,80.00,100.00,250.00
Vegetable Quinoa Soup,215.00,Breakfast,1.00,Veg,130.00,2.50,0.00,160.00,18.00,4.20,6.50,50.00,60.00,100.00
Grilled Veggie Wrap,170.00,Breakfast,1.00,Veg,230.00,9.00,0.00,280.00,30.00,6.50,8.50,60.00,90.00,200.00
Spinach and Lentil Soup,185.00,Breakfast,1.00,Veg,120.00,3.50,0.00,160.00,20.00,6.00,7.50,50.00,70.00,150.00
Baked Falafel,94.00,Breakfast,1.00,Veg,160.00,6.00,0.00,220.00,20.00,4.50,9.00,40.00,60.00,120.00
Tofu Scramble,235.00,Breakfast,1.00,Veg,200.00,8.00,0.00,240.00,10.00,3.50,15.00,70.00,100.00,200.00
Spicy Grilled Shrimp,227.00,Lunch,1.00,Non Veg,250.00,12.00,60.00,350.00,0.00,0.00,30.50,80.00,100.00,250.00
Lentil Salad,155.00, Lunch,1.00,Veg,140.00,4.00,0.00,180.00,20.50,6.80,8.00,50.00,70.00,150.00
Cauliflower Steak,500.00,Lunch,1.00,Veg,180.00,6.50,0.00,200.00,20.00,5.00,7.50,60.00,80.00,180.00
Chickpea Spinach Curry,200.00,Lunch,1.00,Veg,220.00,6.00,0.00,260.00,30.00,7.00,10.50,70.00,100.00,200.00
Quinoa Porridge,136.00,Breakfast,1.00,Veg,150.00,3.50,0.00,180.00,25.00,4.20,6.00,40.00,60.00,120.00
Baked Eggplant Parmesan,233.00,Lunch,1.00,Veg,280.00,10.00,15.00,350.00,30.00,6.50,12.00,60.00,90.00,200.00
Vegan Buddha Bowl,142.00,Lunch,1.00,Veg,250.00,9.00,0.00,280.00,35.00,7.50,10.00,70.00,100.00,250.00
Green Smoothie,250.00,All,1.00,Veg,100.00,1.00,0.00,120.00,20.00,6.30,5.00,50.00,70.00,150.00
Steamed Asparagus,160.00, Lunch,1.00,Veg,40.00,0.50,0.00,60.00,10.00,4.00,2.50,30.00,40.00,80.00
Quinoa and Avocado Salad,110.00, Lunch,1.00,Veg,190.00,8.00,0.00,220.00,20.00,5.60,7.80,40.00,60.00,120.00
Stir-Fried Tofu and Vegetables,220.00,Lunch,1.00,Veg,240.00,10.00,0.00,280.00,25.00,6.00,12.00,60.00,80.00,180.00
Roasted Vegetable Medley,200.00, Lunch,1.00,Veg,120.00,3.00,0.00,150.00,15.00,4.50,5.50,40.00,50.00,100.00
Baked Stuffed Zucchini,263.00,Lunch,1.00,Veg,210.00,8.00,0.00,240.00,20.00,5.50,9.50,60.00,80.00,180.00
Black Bean and Corn Salad,133.00, Lunch,1.00,Veg,160.00,4.50,0.00,200.00,30.00,7.20,8.50,50.00,70.00,150.00
Tofu Veggie Stir-Fry,210.00,Lunch,1.00,Veg,230.00,9.00,0.00,260.00,20.00,6.50,11.00,70.00,100.00,200.00
Egg White Breakfast Burrito,190.00,Breakfast,1.00,Non Veg,210.00,7.50,0.00,240.00,15.00,3.80,15.50,70.00,90.00,200.00
Baked Sweet Potato with Black Beans,310.00,Lunch,1.00,Veg,280.00,7.50,0.00,320.00,40.00,8.00,10.00,80.00,110.00,250.00
Vegan Lentil Soup,165.00,Breakfast,1.00,Veg,130.00,3.50,0.00,160.00,20.00,6.80,7.80,50.00,70.00,150.00
Spinach Quinoa Salad,175.00, Lunch,1.00,Veg,160.00,7.00,0.00,180.00,15.00,4.20,8.70,60.00,70.00,150.00
Zucchini Noodles,200.00, Lunch,1.00,Veg,50.00,1.00,0.00,80.00,10.00,3.50,2.50,30.00,40.00,80.00
Chickpea Salad,105.00, Lunch,1.00,Veg,140.00,5.00,0.00,150.00,20.00,5.00,6.50,50.00,60.00,110.00
Cauliflower Mash,360.00, Lunch,1.00,Veg,90.00,2.00,0.00,120.00,15.00,3.00,4.00,30.00,40.00,70.00
Mango Smoothie,215.00,All,1.00,Veg,130.00,1.50,0.00,70.00,30.00,3.50,3.00,40.00,50.00,110.00
Almond Salad,51.00, Lunch,1.00,Veg,120.00,5.50,0.00,130.00,10.00,2.50,5.50,30.00,40.00,80.00
Eggplant Dip,130.00, Lunch,1.00,Veg,110.00,3.50,0.00,140.00,15.00,3.00,4.50,30.00,40.00,70.00
Cabbage Soup,440.00,Breakfast,1.00,Veg,110.00,3.00,0.00,120.00,15.00,4.50,5.00,40.00,50.00,90.00
Lemon Quinoa,100.00, Lunch,1.00,Veg,130.00,3.50,0.00,150.00,20.00,3.50,4.50,40.00,50.00,80.00
Bean Salad,130.00, Lunch,1.00,Veg,150.00,5.00,0.00,170.00,25.00,6.00,8.00,50.00,60.00,110.00
Pumpkin Soup,200.00,Breakfast,1.00,Veg,100.00,2.50,0.00,110.00,12.00,3.50,4.00,30.00,40.00,70.00
Spiced Tofu,165.00,Lunch,1.00,Veg,220.00,11.00,0.00,260.00,20.00,5.50,12.00,60.00,80.00,150.00
Avocado Smoothie,230.00,All,1.00,Veg,160.00,7.00,0.00,100.00,20.00,5.00,3.00,50.00,60.00,120.00
Vegetable Stew,515.00,Lunch,1.00,Veg,180.00,4.50,0.00,200.00,25.00,5.00,6.00,60.00,70.00,130.00
Kale Chips,135.00,Breakfast,1.00,Veg,80.00,1.50,0.00,90.00,10.00,4.00,5.00,30.00,40.00,80.00
Chickpea Soup,141.00,Breakfast,1.00,Veg,120.00,3.00,0.00,140.00,18.00,5.00,6.50,40.00,50.00,90.00
Mushroom Soup,520.00,Breakfast,1.00,Veg,130.00,4.00,0.00,150.00,15.00,4.50,6.50,40.00,50.00,80.00
Quinoa Tabouleh,105.00, Lunch,1.00,Veg,140.00,4.50,0.00,160.00,20.00,4.50,5.50,40.00,60.00,100.00
Beetroot Smoothie,185.00,All,1.00,Veg,110.00,2.00,0.00,80.00,25.00,3.50,2.50,30.00,40.00,70.00
Cucumber Gazpacho,360.00,Breakfast,1.00,Veg,90.00,2.00,0.00,100.00,10.00,3.00,4.00,30.00,40.00,60.00
Green Bean Salad,285.00, Lunch,1.00,Veg,100.00,4.00,0.00,120.00,15.00,3.50,4.50,30.00,40.00,80.00
Carrot Soup,285.00,Breakfast,1.00,Veg,100.00,2.50,0.00,110.00,12.00,3.00,3.50,30.00,40.00,70.00
Veggie Stir Fry,350.00,Lunch,1.00,Veg,230.00,8.00,0.00,280.00,20.50,5.20,12.30,60.00,90.00,200.00
Hummus and Veggie Platter,105.00,Breakfast,1.00,Veg,180.00,6.50,0.00,220.00,15.80,4.50,6.90,40.00,70.00,150.00
Mixed Bean Salad,125.00, Lunch,1.00,Veg,150.00,4.50,0.00,180.00,25.00,6.20,7.40,40.00,60.00,120.00
Quinoa Sushi Rolls,208.00,Lunch,1.00,Veg,280.00,7.50,0.00,320.00,45.00,6.80,10.50,70.00,100.00,200.00
Veggie Soup,285.00,Breakfast,1.00,Veg,100.00,2.50,0.00,130.00,15.30,3.60,5.80,40.00,60.00,100.00
Fruit Salad,200.00,All,1.00,Veg,120.00,1.00,0.00,90.00,30.00,5.50,1.70,30.00,40.00,80.00
Roasted Asparagus,280.00, Lunch,1.00,Veg,70.00,1.50,0.00,100.00,8.50,4.00,3.20,30.00,50.00,100.00
Grilled Eggplant,457.00,Lunch,1.00,Veg,160.00,5.50,0.00,200.00,20.20,6.50,5.90,50.00,70.00,140.00
Baked Kale Chips,125.00,Breakfast,1.00,Veg,80.00,3.00,0.00,120.00,10.50,4.00,3.50,30.00,40.00,80.00
Vegetable Tempura,105.00,Breakfast,1.00,Veg,240.00,10.00,0.00,290.00,20.80,5.30,9.60,60.00,90.00,180.00
Grilled Zucchini,360.00, Lunch,1.00,Veg,90.00,2.50,0.00,120.00,12.50,3.80,4.20,40.00,60.00,110.00
Brown Rice Sushi Rolls,185.00,Lunch,1.00,Veg,250.00,6.50,0.00,300.00,40.50,5.80,8.50,70.00,100.00,200.00
Quinoa Stuffed Peppers,200.00,Lunch,1.00,Veg,270.00,7.50,0.00,340.00,30.00,6.80,12.50,80.00,110.00,250.00
Cucumber Rolls,240.00,Breakfast,1.00,Veg,60.00,0.50,0.00,80.00,12.30,3.60,2.70,30.00,40.00,80.00
Stuffed Mushrooms,250.00,Breakfast,1.00,Veg,150.00,4.00,0.00,180.00,15.50,3.20,7.60,40.00,60.00,100.00
Veggie Quinoa Burger,165.00,Lunch,1.00,Veg,270.00,8.50,0.00,320.00,30.00,5.50,14.20,70.00,100.00,200.00
Broccoli Slaw,230.00, Lunch,1.00,Veg,80.00,1.50,0.00,100.00,15.00,4.50,3.20,30.00,50.00,90.00
Quinoa Salad with Avocado,105.00, Lunch,1.00,Veg,180.00,6.50,0.00,220.00,20.80,4.60,7.90,40.00,60.00,120.00
Steamed Green Beans,142.00, Lunch,1.00,Non Veg,50.00,1.00,0.00,70.00,10.50,3.00,2.50,30.00,40.00,80.00
Veggie Omelette,235.00,Breakfast,1.00,Veg,200.00,8.00,5.00,230.00,3.50,1.20,12.50,60.00,70.00,130.00
Quinoa Salad with Chickpeas,140.00, Lunch,1.00,Veg,190.00,5.50,0.00,210.00,25.60,6.00,8.70,50.00,60.00,140.00
Roasted Vegetable Pasta,170.00,Lunch,1.00,Veg,280.00,10.00,0.00,320.00,35.00,5.50,11.80,70.00,90.00,180.00
Veggie Spring Rolls,120.00,Breakfast,1.00,Veg,160.00,4.00,0.00,190.00,20.40,4.80,7.20,40.00,50.00,100.00
Black Bean Quinoa Bowl,222.00,Lunch,1.00,Veg,300.00,8.50,0.00,350.00,40.50,7.00,13.20,80.00,100.00,220.00
Mixed Vegetable Curry,320.00,Lunch,1.00,Veg,250.00,6.50,0.00,300.00,30.00,6.20,9.50,60.00,80.00,160.00
Veggie Quesadilla,115.00,Lunch,1.00,Veg,260.00,9.00,0.00,280.00,30.50,5.80,11.30,70.00,90.00,180.00
Quinoa Veggie Stir Fry,180.00,Lunch,1.00,Veg,240.00,7.50,0.00,270.00,22.50,6.50,10.50,60.00,80.00,170.00
Spaghetti Squash with Pesto,550.00,Lunch,1.00,Veg,220.00,8.00,5.00,250.00,30.00,6.20,7.80,50.00,70.00,140.00
Edamame Salad,125.00, Lunch,1.00,Veg,150.00,4.50,0.00,170.00,15.80,5.00,9.20,40.00,50.00,100.00
Mushroom Quinoa Risotto,175.00,Lunch,1.00,Veg,290.00,9.50,0.00,330.00,35.20,6.80,12.40,70.00,90.00,190.00
Stuffed Zucchini Boats,270.00,Lunch,1.00,Veg,230.00,7.00,0.00,260.00,20.50,5.50,10.30,60.00,80.00,160.00
Quinoa Avocado Salad,95.00, Lunch,1.00,Veg,170.00,6.00,0.00,190.00,18.50,4.80,7.20,40.00,60.00,120.00
Roasted Vegetable Quinoa,192.00,Lunch,1.00,Veg,260.00,7.50,0.00,300.00,30.00,6.00,9.50,60.00,80.00,170.00
Veggie Sushi Rolls,185.00,Lunch,1.00,Veg,250.00,6.00,0.00,280.00,35.50,5.50,8.80,70.00,90.00,180.00
Zucchini Fritters,110.00,Breakfast,1.00,Veg,180.00,6.50,5.00,210.00,20.80,4.20,6.50,50.00,60.00,110.00
Quinoa Spinach Salad,120.00, Lunch,1.00,Veg,160.00,5.00,0.00,180.00,22.50,5.80,7.60,40.00,50.00,100.00
Black Bean Stuffed Sweet Potato,200.00,Lunch,1.00,Veg,270.00,8.50,0.00,310.00,30.00,7.00,11.20,60.00,80.00,170.00
Veggie Lentil Soup,105.00,Breakfast,1.00,Veg,140.00,3.50,0.00,160.00,20.50,6.20,7.80,40.00,50.00,100.00
Quinoa Stuffed Acorn Squash,208.00,Lunch,1.00,Veg,280.00,8.00,0.00,320.00,25.50,5.50,12.50,70.00,90.00,180.00
Spinach and Feta Stuffed Mushrooms,110.00,Breakfast,1.00,Veg,150.00,5.00,10.00,180.00,15.80,4.20,8.20,40.00,60.00,110.00
Quinoa Black Bean Chili,232.00,Lunch,1.00,Veg,290.00,7.00,0.00,330.00,40.00,7.50,14.80,70.00,90.00,190.00
Veggie Breakfast Burrito,175.00,Breakfast,1.00,Veg,240.00,8.00,0.00,270.00,25.50,5.00,12.30,50.00,70.00,150.00
Broccoli and White Bean Soup,216.00,Breakfast,1.00,Veg,130.00,3.00,0.00,150.00,18.00,4.50,6.20,40.00,50.00,100.00
Sweet Potato and Black Bean Tacos,208.00,Lunch,1.00,Veg,260.00,6.50,0.00,300.00,30.50,6.00,10.50,60.00,80.00,170.00
Quinoa Black Bean Salad,133.00, Lunch,1.00,Veg,180.00,5.00,0.00,200.00,20.00,5.50,8.20,40.00,60.00,120.00
Grilled Veggie Panini,145.00,Lunch,1.00,Veg,250.00,8.50,0.00,280.00,30.00,5.80,11.50,60.00,80.00,160.00
Stuffed Bell Peppers with Quinoa,360.00,Lunch,1.00,Veg,270.00,7.50,0.00,310.00,25.50,5.60,9.80,50.00,70.00,150.00
Tofu Vegetable Stir Fry,200.00,Lunch,1.00,Veg,220.00,7.00,0.00,250.00,20.50,6.00,12.30,60.00,80.00,170.00
Quinoa Spinach Patties,146.00,Breakfast,1.00,Veg,190.00,5.50,0.00,220.00,20.80,4.50,7.60,50.00,60.00,110.00
Veggie Quinoa Casserole,215.00,Lunch,1.00,Veg,280.00,8.00,0.00,320.00,35.00,6.00,10.50,60.00,80.00,180.00
Lentil Veggie Soup,187.00,Breakfast,1.00,Veg,150.00,3.50,0.00,170.00,20.50,5.20,7.80,40.00,50.00,100.00
Mushroom and Spinach Quinoa,192.00,Lunch,1.00,Veg,260.00,7.50,0.00,300.00,30.00,6.00,9.50,60.00,80.00,170.00
Quinoa Breakfast Cookies,56.00,Breakfast,1.00,Veg,180.00,6.00,5.00,200.00,15.00,3.50,8.20,40.00,60.00,120.00
Veggie Quinoa Skillet,171.00,Lunch,1.00,Veg,240.00,7.50,0.00,270.00,25.50,5.80,11.30,60.00,80.00,160.00
Quinoa Veggie Burger,207.00,Lunch,1.00,Veg,270.00,8.00,0.00,310.00,30.50,6.00,11.50,60.00,80.00,170.00
Spinach and Mushroom Quinoa,208.00,Lunch,1.00,Veg,250.00,6.50,0.00,290.00,30.50,5.60,10.80,50.00,70.00,150.00
Quinoa Stuffed Mushrooms,200.00,Breakfast,1.00,Veg,160.00,4.50,0.00,180.00,20.00,5.20,7.40,40.00,50.00,100.00
Veggie Quinoa Pizza,215.00,Lunch,1.00,Veg,290.00,9.00,0.00,330.00,35.00,6.00,13.20,70.00,90.00,190.00
Mediterranean Quinoa Salad,125.00, Lunch,1.00,Veg,170.00,5.00,0.00,190.00,20.50,5.00,8.60,40.00,60.00,120.00
Quinoa Stuffed Tomatoes,105.00,Breakfast,1.00,Veg,140.00,3.50,0.00,160.00,18.00,4.50,6.20,40.00,50.00,100.00
Stuffed Acorn Squash with Quinoa,207.00,Lunch,1.00,Veg,280.00,7.50,0.00,320.00,25.50,5.50,12.50,60.00,80.00,170.00
Chickpea Quinoa Salad,133.00, Lunch,1.00,Veg,180.00,5.00,0.00,200.00,20.00,5.20,7.60,40.00,60.00,120.00
Veggie Quinoa Tacos,192.00,Lunch,1.00,Veg,260.00,6.00,0.00,300.00,30.50,6.00,11.30,60.00,80.00,160.00
Quinoa Lentil Patties,140.00,Breakfast,1.00,Veg,190.00,5.50,0.00,220.00,20.80,4.50,7.60,50.00,60.00,110.00
Veggie Quinoa Stir Fry,163.00,Lunch,1.00,Veg,220.00,7.00,0.00,250.00,20.50,6.00,12.30,60.00,80.00,170.00
Quinoa Spinach Salad with Avocado,133.00, Lunch,1.00,Veg,180.00,6.00,0.00,210.00,18.50,4.80,7.20,40.00,60.00,120.00
Spinach Quinoa BAlls,125.00,Breakfast,1.00,Veg,170.00,5.00,0.00,190.00,15.80,4.20,6.80,40.00,50.00,100.00
Turmeric Latte,166.00,All,1.00,Veg,100.00,3.00,0.00,80.00,15.00,2.00,4.00,40.00,50.00,90.00
Gazpacho,320.00,All,1.00,Veg,80.00,2.00,0.00,120.00,15.00,3.00,2.00,30.00,40.00,80.00
Lemon Ginger Detox All,200.00,All,1.00,Veg,50.00,0.00,0.00,10.00,12.00,2.50,1.00,20.00,30.00,60.00
Miso Soup,333.00,All,1.00,Veg,70.00,2.50,0.00,150.00,10.00,1.50,5.00,40.00,50.00,100.00
Golden Milk,306.00,All,1.00,Veg,150.00,4.00,0.00,90.00,20.00,3.00,3.50,50.00,60.00,110.00
Vegetable Broth,500.00,All,1.00,Veg,60.00,1.50,0.00,100.00,12.00,2.50,2.50,30.00,40.00,70.00
Berry Smoothie,280.00,All,1.00,Veg,140.00,3.50,0.00,110.00,30.00,6.00,4.00,70.00,80.00,140.00
Quinoa Vegetable Soup,400.00,All,1.00,Veg,120.00,3.00,0.00,140.00,20.00,4.00,5.00,40.00,50.00,90.00
Cucumber Mint Cooler,700.00,All,1.00,Veg,70.00,0.50,0.00,20.00,15.00,3.00,1.50,20.00,30.00,50.00
Carrot Ginger Soup,272.00,All,1.00,Veg,90.00,2.50,0.00,130.00,15.00,3.00,3.50,30.00,40.00,80.00
Watermelon Cucumber Juice,333.00,All,1.00,Veg,60.00,0.50,0.00,10.00,15.00,1.50,1.00,20.00,20.00,40.00
Coconut Lentil Soup,283.00,All,1.00,Veg,150.00,4.50,0.00,170.00,20.00,5.00,6.00,50.00,60.00,110.00
Matcha Latte,303.00,All,1.00,Veg,100.00,3.00,0.00,70.00,15.00,2.50,3.50,40.00,50.00,90.00
Butternut Squash Soup,275.00,All,1.00,Veg,110.00,3.00,0.00,140.00,18.00,3.50,2.50,40.00,50.00,80.00
Spinach Kale Smoothie,433.00,All,1.00,Veg,130.00,3.00,0.00,90.00,20.00,4.00,5.00,60.00,70.00,120.00
Tomato Basil Soup,400.00,All,1.00,Veg,80.00,2.00,0.00,110.00,15.00,2.50,3.00,30.00,40.00,70.00
Hibiscus Iced Tea,108.00,All,1.00,Veg,40.00,0.00,0.00,5.00,10.00,1.00,0.50,10.00,20.00,30.00
Creamy Broccoli Soup,222.00,All,1.00,Veg,100.00,3.50,0.00,120.00,15.00,3.00,4.00,40.00,50.00,80.00
Chia Seed Lemonade,193.00,All,1.00,Veg,60.00,1.50,0.00,15.00,10.00,3.00,1.00,20.00,30.00,50.00
Quinoa Spinach Soup,315.00,All,1.00,Veg,110.00,3.00,0.00,130.00,15.00,3.50,4.50,40.00,50.00,90.00
Quinoa Fruit Salad,212.00, Lunch,1.00,Veg,170.00,3.50,0.00,190.00,30.00,5.00,6.00,50.00,60.00,120.00
Kale Caesar Salad,300.00, Lunch,1.00,Veg,150.00,7.00,15.00,180.00,10.00,3.50,8.00,60.00,70.00,140.00
Vegetable Detox Soup,480.00,All,1.00,Veg,120.00,3.50,0.00,140.00,20.00,6.00,4.50,40.00,50.00,100.00
Sweet Potato Kale Salad,228.00, Lunch,1.00,Veg,160.00,4.00,0.00,180.00,25.00,5.00,7.00,40.00,60.00,120.00
Tofu Salad,138.00,Lunch,1.00,Veg,200.00,9.00,0.00,220.00,15.00,3.00,15.00,70.00,80.00,160.00
Chickpea Spinach Salad,186.00, Lunch,1.00,Veg,140.00,4.00,0.00,160.00,20.00,4.50,6.00,30.00,40.00,80.00
Green Tea Smoothie,286.00,All,1.00,Veg,130.00,3.00,0.00,80.00,20.00,4.00,4.50,30.00,40.00,70.00
Lentil Vegetable Soup,290.00,All,1.00,Veg,110.00,2.50,0.00,120.00,18.00,5.00,5.50,50.00,60.00,110.00
Grilled Veggie Salad,450.00,Lunch,1.00,Veg,180.00,5.50,0.00,200.00,20.00,4.00,9.00,60.00,70.00,140.00
Watermelon Gazpacho,300.00,All,1.00,Veg,90.00,2.00,0.00,110.00,15.00,2.50,3.00,40.00,50.00,90.00
Cauliflower Potato Soup,400.00,All,1.00,Veg,120.00,3.50,0.00,140.00,20.00,4.00,4.50,30.00,40.00,80.00
Quinoa Citrus Salad,214.00, Lunch,1.00,Veg,150.00,3.50,0.00,170.00,25.00,5.00,6.00,50.00,60.00,120.00
Berry Chia Smoothie,214.00,All,1.00,Veg,150.00,4.00,0.00,100.00,25.00,6.00,4.50,40.00,50.00,90.00
Veggie Lentil Salad,271.00,Lunch,1.00,Veg,190.00,5.00,0.00,210.00,20.00,5.50,8.00,60.00,70.00,140.00
Green Detox Soup,500.00,All,1.00,Veg,100.00,2.50,0.00,120.00,15.00,4.00,4.00,40.00,50.00,90.00
Mango Turmeric Smoothie,340.00,All,1.00,Veg,170.00,3.50,0.00,110.00,30.00,5.50,4.00,30.00,40.00,70.00
Quinoa Broccoli Salad,320.00, Lunch,1.00,Veg,160.00,4.00,0.00,180.00,20.00,4.50,6.50,40.00,50.00,100.00
Coconut Curry Soup,171.00,All,1.00,Veg,130.00,4.00,0.00,150.00,20.00,4.00,4.50,50.00,60.00,110.00
Spinach Artichoke Salad,212.00, Lunch,1.00,Veg,170.00,6.00,10.00,190.00,15.00,3.50,7.50,60.00,70.00,140.00
Pineapple Kale Smoothie,280.00,All,1.00,Veg,140.00,3.00,0.00,90.00,25.00,5.00,3.50,40.00,50.00,80.00
Carrot Turmeric Soup,323.00,All,1.00,Veg,110.00,3.00,0.00,130.00,15.00,3.50,4.50,40.00,50.00,90.00
Quinoa Tabbouleh Salad,200.00, Lunch,1.00,Veg,160.00,4.00,0.00,180.00,30.00,5.00,7.00,50.00,60.00,120.00
Soba Noodle Salad,191.00,Lunch,1.00,Veg,190.00,3.50,0.00,210.00,35.00,4.00,8.50,60.00,70.00,140.00
Green Goddess Smoothie,250.00,All,1.00,Veg,150.00,5.00,0.00,100.00,20.00,4.00,4.00,40.00,50.00,90.00
Minestrone Soup,454.00,All,1.00,Veg,120.00,2.50,0.00,140.00,20.00,5.00,5.50,50.00,60.00,110.00
Roasted Beet Salad,350.00, Lunch,1.00,Veg,150.00,3.50,0.00,170.00,25.00,5.50,6.00,40.00,50.00,100.00
Quinoa Lentil Salad,257.00, Lunch,1.00,Veg,180.00,4.50,0.00,200.00,20.00,6.00,7.50,60.00,70.00,140.00
Ginger Carrot Soup,333.00,All,1.00,Veg,110.00,3.00,0.00,130.00,15.00,3.50,4.00,40.00,50.00,90.00
Pomegranate Green Tea,416.00,All,1.00,Veg,50.00,0.50,0.00,10.00,12.00,2.00,1.00,20.00,30.00,50.00
Kale Apple Smoothie,260.00,All,1.00,Veg,130.00,3.50,0.00,90.00,20.00,4.50,3.50,40.00,50.00,80.00
Vegetable Quinoa Salad,316.00,Lunch,1.00,Veg,190.00,5.00,0.00,210.00,25.00,6.00,9.00,60.00,70.00,140.00
Butternut Squash Salad,147.00, Lunch,1.00,Veg,170.00,4.00,0.00,190.00,30.00,5.00,6.50,40.00,50.00,100.00
Cucumber Mint Smoothie,266.00,All,1.00,Veg,120.00,3.00,0.00,80.00,20.00,4.00,3.00,30.00,40.00,70.00
Black Bean Corn Salad,160.00,Lunch,1.00,Veg,200.00,5.50,0.00,220.00,30.00,7.00,8.00,70.00,80.00,160.00
Spicy Pumpkin Soup,175.00,All,1.00,Veg,130.00,3.50,0.00,150.00,18.00,4.00,5.00,50.00,60.00,110.00
Matcha Green Tea,500.00,All,1.00,Veg,70.00,2.00,0.00,60.00,10.00,2.00,1.50,20.00,30.00,50.00
Mushroom Quinoa Salad,120.00,Lunch,1.00,Veg,180.00,4.50,0.00,200.00,20.00,6.50,7.00,60.00,70.00,140.00
Lemon Cucumber Cooler,150.00,All,1.00,Veg,60.00,0.50,0.00,20.00,15.00,3.00,1.00,20.00,30.00,50.00
Kale Pesto Soup,171.00,All,1.00,Veg,120.00,3.50,0.00,140.00,15.00,3.50,4.50,40.00,50.00,90.00
Masoor Dal Soup,100.00,All,1.00,Veg,120.00,2.50,0.00,140.00,18.00,5.00,6.00,50.00,60.00,110.00
Vegetable Upma,140.00,Lunch,1.00,Veg,180.00,5.00,0.00,200.00,30.00,5.00,6.50,60.00,70.00,140.00
Rajma Salad,115.00, Lunch,1.00,Veg,150.00,3.50,0.00,170.00,25.00,6.00,8.00,40.00,50.00,100.00
Moong Dal Khichdi,150.00,Lunch,1.00,Veg,210.00,6.00,0.00,220.00,35.00,7.00,9.50,70.00,80.00,150.00
Chana Chaat,100.00,Breakfast,1.00,Veg,160.00,4.00,0.00,180.00,25.00,6.00,7.00,40.00,50.00,90.00
Kadhi,94.00,Lunch,1.00,Veg,160.00,6.00,20.00,190.00,15.00,3.00,10.00,50.00,60.00,120.00
Aloo Chana Chaat,94.00,Breakfast,1.00,Veg,170.00,4.50,0.00,190.00,25.00,5.00,6.50,40.00,50.00,100.00
Dal Fry,105.00,Lunch,1.00,Veg,200.00,8.00,15.00,220.00,20.00,4.00,9.00,60.00,70.00,140.00
Chicken Soup,150.00,All,1.00,Non Veg,150.00,4.00,30.00,180.00,15.00,3.00,12.00,50.00,60.00,110.00
Khichu,70.00,Breakfast,1.00,Veg,140.00,2.50,0.00,160.00,30.00,4.00,5.00,40.00,50.00,90.00
Chhena Poda,90.00,All,1.00,Veg,190.00,7.00,30.00,210.00,25.00,2.00,9.00,70.00,80.00,160.00
Bael Sherbet,45.00,All,1.00,Veg,100.00,1.00,0.00,80.00,25.00,4.00,3.00,40.00,50.00,70.00
Mishti Doi,70.00,All,1.00,Veg,160.00,5.00,25.00,180.00,20.00,1.00,8.00,50.00,60.00,120.00
Masoor Tarkari,80.00,Lunch,1.00,Veg,190.00,6.00,0.00,210.00,20.00,6.00,9.50,60.00,70.00,140.00
Pakheta,68.00,Lunch,1.00,Veg,170.00,4.50,0.00,190.00,25.00,5.00,7.50,50.00,60.00,120.00
Bhutuwa,85.00,Lunch,1.00,Veg,220.00,7.00,0.00,240.00,30.00,6.00,10.00,70.00,80.00,160.00
Chambray,66.00,Lunch,1.00,Veg,180.00,5.50,0.00,200.00,25.00,5.00,7.50,60.00,70.00,140.00
Sandheko,63.00,Breakfast,1.00,Veg,170.00,4.00,0.00,190.00,20.00,4.00,6.50,50.00,60.00,120.00
Khapse,62.00,Breakfast,1.00,Veg,180.00,4.50,0.00,200.00,25.00,3.00,8.50,40.00,50.00,100.00
Jhol Momos,70.00,Lunch,1.00,Veg,210.00,6.00,25.00,230.00,25.00,4.00,10.00,80.00,90.00,160.00
Faphar,51.00,Lunch,1.00,Veg,160.00,4.00,0.00,180.00,20.00,4.00,7.50,50.00,60.00,120.00
Pulao,63.00,Lunch,1.00,Veg,200.00,5.00,0.00,220.00,30.00,5.00,9.00,60.00,70.00,140.00
Gajar Ka Achar,45.00, Lunch,1.00,Veg,150.00,3.50,0.00,170.00,18.00,3.00,7.50,50.00,60.00,120.00
Jadoh,50.00,Lunch,1.00,Veg,170.00,4.50,0.00,190.00,20.00,5.00,8.00,50.00,60.00,120.00
Kachumber Salad,48.00, Lunch,1.00,Veg,70.00,1.00,0.00,80.00,15.00,3.00,2.50,30.00,40.00,80.00
Ghugni,50.00,Breakfast,1.00,Veg,180.00,4.50,0.00,200.00,25.00,5.00,8.00,40.00,50.00,100.00
Dahi Chiura,48.00,Lunch,1.00,Veg,180.00,4.00,0.00,200.00,30.00,3.00,6.00,60.00,70.00,140.00
Bhakka,47.00,Lunch,1.00,Veg,190.00,4.50,0.00,210.00,22.00,4.00,8.00,50.00,60.00,120.00
Chhoila,40.00,Breakfast,1.00,Veg,160.00,4.00,0.00,180.00,18.00,2.50,8.00,60.00,70.00,140.00
Khir,45.00,Lunch,1.00,Veg,180.00,5.00,0.00,200.00,22.00,2.00,7.00,50.00,60.00,120.00
Chukauni,34.00, Lunch,1.00,Veg,140.00,3.50,0.00,160.00,18.00,3.00,5.00,40.00,50.00,100.00
Aalu Sadeko,41.00,Breakfast,1.00,Veg,170.00,4.50,0.00,190.00,20.00,4.00,6.50,50.00,60.00,120.00
Fafda,45.00,Breakfast,1.00,Veg,190.00,4.50,0.00,210.00,20.00,3.00,7.50,40.00,50.00,100.00
Churpi,35.00,Breakfast,1.00,Veg,150.00,3.00,0.00,170.00,18.00,2.50,6.00,30.00,40.00,80.00
Khaja,42.00,Breakfast,1.00,Veg,190.00,4.50,0.00,210.00,20.00,2.00,7.50,50.00,60.00,120.00
Sattu,37.00,Lunch,1.00,Veg,170.00,5.00,0.00,190.00,22.00,3.00,8.00,60.00,70.00,140.00
Pakistani Chai,22.00,All,1.00,Veg,100.00,3.50,10.00,120.00,15.00,1.00,2.00,20.00,30.00,60.00
Mango Lassi,32.00,All,1.00,Veg,150.00,5.00,20.00,180.00,20.00,2.00,5.00,40.00,50.00,100.00
Raj Kachori,60.00,Breakfast,1.00,Veg,280.00,9.50,0.00,300.00,35.00,5.00,10.00,70.00,80.00,160.00
Bhuna Chicken,110.00,Lunch,1.00,Non Veg,250.00,10.00,50.00,270.00,25.00,4.00,15.00,70.00,80.00,160.00
Kulfi Falooda,92.00,All,1.00,Veg,220.00,8.00,25.00,240.00,25.00,2.00,6.00,50.00,60.00,120.00
Rajasthani Laal Maas,120.00,Lunch,1.00,Veg,300.00,13.00,90.00,320.00,30.00,5.00,20.00,80.00,90.00,180.00
Paniyaram,70.00,Breakfast,1.00,Veg,180.00,6.00,0.00,200.00,20.00,3.00,5.00,40.00,50.00,100.00
Mysore Pak,70.00,All,1.00,Veg,190.00,6.50,20.00,210.00,20.00,1.50,5.00,40.00,50.00,100.00
Nargisi Kofta,100.00,Lunch,1.00,Veg,280.00,11.00,30.00,300.00,30.00,4.00,12.00,60.00,70.00,140.00
Chicken Malai Tikka,83.00,Breakfast,1.00,Non Veg,240.00,9.50,40.00,260.00,20.00,3.00,14.00,70.00,80.00,160.00
Baati,75.00,Lunch,1.00,Veg,220.00,8.00,25.00,240.00,25.00,4.00,9.00,60.00,70.00,140.00
Litti,62.00,Lunch,1.00,Veg,190.00,6.00,0.00,210.00,20.00,5.00,7.00,50.00,60.00,120.00
Momos Soup,50.00,All,1.00,Veg,160.00,3.50,0.00,180.00,15.00,3.00,6.00,40.00,50.00,100.00
Dhikri,55.00,Lunch,1.00,Veg,180.00,5.00,0.00,200.00,25.00,4.00,8.00,60.00,70.00,140.00
Tongba,30.00,All,1.00,Veg,100.00,0.50,0.00,20.00,10.00,1.00,2.00,10.00,20.00,30.00
Phaphar,45.00,Lunch,1.00,Veg,160.00,4.00,0.00,180.00,20.00,4.00,7.50,50.00,60.00,120.00
Chhoyla,45.00,Breakfast,1.00,Veg,160.00,4.00,0.00,180.00,18.00,2.50,8.00,60.00,70.00,140.00
Jeri,55.00,Breakfast,1.00,Veg,200.00,6.00,15.00,220.00,20.00,1.00,5.00,30.00,40.00,80.00
Bhuttan,43.00,Breakfast,1.00,Veg,160.00,4.00,0.00,180.00,18.00,3.00,6.50,40.00,50.00,100.00
Til Ko Laddu,46.00,All,1.00,Veg,180.00,6.00,10.00,200.00,20.00,2.00,5.00,40.00,50.00,100.00
Bhaat,42.00,Lunch,1.00,Veg,170.00,4.00,0.00,190.00,20.00,4.00,6.50,50.00,60.00,120.00
Pitha,47.00,Breakfast,1.00,Veg,190.00,5.00,0.00,210.00,22.00,3.00,7.50,60.00,70.00,140.00
Bara,50.00,Breakfast,1.00,Veg,210.00,6.00,0.00,230.00,24.00,4.00,9.00,50.00,60.00,120.00
Aloo Chop,45.00,Breakfast,1.00,Veg,190.00,5.50,0.00,210.00,22.00,3.00,6.50,40.00,50.00,100.00
Bhutta,80.00,Breakfast,1.00,Veg,160.00,4.00,0.00,180.00,18.00,3.00,6.00,40.00,50.00,100.00
Panipuri,100.00,Breakfast,1.00,Veg,220.00,8.00,0.00,240.00,30.00,4.00,7.00,60.00,70.00,140.00
Til Ko Chutney,100.00, Lunch,1.00,Veg,150.00,3.50,0.00,170.00,18.00,2.00,4.00,30.00,40.00,80.00
Bhedako Saag,250.00,Lunch,1.00,Veg,180.00,5.00,0.00,200.00,20.00,4.00,7.50,50.00,60.00,120.00
Chhena Jalebi,60.00,All,1.00,Veg,200.00,7.00,15.00,220.00,30.00,1.50,5.00,40.00,50.00,100.00
Yak Butter Tea,80.00,All,1.00,Veg,120.00,4.50,10.00,140.00,10.00,1.50,3.00,20.00,30.00,60.00
Sakhar Bhat,150.00,All,1.00,Veg,190.00,5.50,20.00,210.00,22.00,2.00,6.00,50.00,60.00,120.00
Haluwa,100.00,All,1.00,Veg,210.00,6.00,15.00,230.00,25.00,2.00,5.50,40.00,50.00,100.00
Phulaurah,35.00,Breakfast,1.00,Veg,180.00,4.50,0.00,200.00,22.00,3.00,7.00,50.00,60.00,120.00
Bheda Ko Roti,70.00,Lunch,1.00,Veg,170.00,5.00,0.00,190.00,20.00,4.00,7.00,50.00,60.00,120.00